
delete from ESCRIBE;

delete from AUTOR;
delete from NACIONALIDAD;

delete from LIBRO;
delete from EDITORIAL;

delete from DISPONE;
delete from PRESTAMO;
delete from SUCURSAL;
delete from LECTOR;

/************ CARGA DE LA TABLA EDITORIAL (CODIGO, NOMBRE) ************/

insert into EDITORIAL values (1, 'COMETA');
insert into EDITORIAL values (2, 'TREBOL');
insert into EDITORIAL values (3, 'LAGARTIJA');
insert into EDITORIAL values (4, 'CALEIDOSCOPIO');
insert into EDITORIAL values (5, 'COSMOS');
insert into EDITORIAL values (6, 'AMIGOS');
insert into EDITORIAL values (7, 'EDICIONES AHORA');
insert into EDITORIAL values (8, 'MITOS');
insert into EDITORIAL values (9, 'NUESTRA TIERRA');
insert into EDITORIAL values (10, 'OTROS');



/************ CARGA DE LA TABLA SUCURSAL(CODIGO, DIRECCION, POBLACION, PROVINCIA) ************/


insert into SUCURSAL values(1,'BAILEN,  7','SALAMANCA','SALAMANCA');
insert into SUCURSAL values(2,'GRAN CAPITAN, 19','SALAMANCA','SALAMANCA');
insert into SUCURSAL values(3,'FINISTERRE, 33','PENARANDA','SALAMANCA');
insert into SUCURSAL values(4,'TELARES, 14','BEJAR','SALAMANCA');
insert into SUCURSAL values(5,'SANTA TERESA, 52','AVILA','AVILA');
insert into SUCURSAL values(6,'TRIGALES, 29','AREVALO','AVILA');
insert into SUCURSAL values(7,'SANTA CLARA, 72','ZAMORA','ZAMORA');
insert into SUCURSAL values(8,'DONA URRACA, 45','TORO','ZAMORA');
insert into SUCURSAL values(9,'JERTE, 71','PLASENCIA','CACERES');
insert into SUCURSAL values(10,'VALLES MINEROS, 141','LEON','LEON');
insert into SUCURSAL values(11,'RODRIGUEZ DE LA FUENTE, 97','CORIA','CACERES');
insert into SUCURSAL values(12,'PEGASO, 25','PONFERRADA','LEON');
insert into SUCURSAL values(13,'RONDA DEL TORMES, 41','	SANTA MARTA','SALAMANCA');
insert into SUCURSAL values(14,'GALILEO, 3','VALLADOLID','VALLADOLID');
insert into SUCURSAL values(15,'BODEGON, 55','PALENCIA','PALENCIA');

/************ CARGA DE LA TABLA LIBRO (ISBN, TITULO, ANO, EDIT) ************/

insert into LIBRO values ('5023024','1984',2004,3);
insert into LIBRO values ('5023036','A SANGRE FRIA',1998,6);
insert into LIBRO values ('5023048','ABRAZA LA OSCURIDAD',1977,5);
insert into LIBRO values ('5023060','ACUARELA',1978,7);
insert into LIBRO values ('5023072','AFORISMOS',1968,7);
insert into LIBRO values ('5023084','AFRICANUS. EL HIJO DEL CONSUL',1985,5);
insert into LIBRO values ('5023096','AGUJEROS NEGROS Y PEQUENOS UNIVERSOS',1993,9);
insert into LIBRO values ('5023108','ALFABETO TENGWAR',1997,2);
insert into LIBRO values ('5023120','AMORES ADULTEROS',2009,2);
insert into LIBRO values ('5023132','ANA KARENINA',2005,3);
insert into LIBRO values ('5023144','ANGELES Y DEMONIOS',1989,5);
insert into LIBRO values ('5023156','APOSTILLAS A EL NOMBRE DE LA ROSA',1973,4);
insert into LIBRO values ('5023168','ARTE DE LAS PUTAS',1999,8);
insert into LIBRO values ('5023180','ASI HABLO ZARATUSTRA',1981,7);
insert into LIBRO values ('5023192','BILBAO,BILBO,BILBAO CUENTOS Y CRONICAS',1981,7);
insert into LIBRO values ('5023204','BODAS DE SANGRE',1978,8);
insert into LIBRO values ('5023216','CANDIDO O EL OPTIMISMO',1990,8);
insert into LIBRO values ('5023228','CAROLINA SE ENAMORA',2007,5);
insert into LIBRO values ('5023240','CLARA LA LOCA',1964,10);
insert into LIBRO values ('5023252','COBRA',1991,9);
insert into LIBRO values ('5023264','COME, REZA, AMA',1990,2);
insert into LIBRO values ('5023276','COMO AGUA PARA CHOCOLATE',2001,1);
insert into LIBRO values ('5023288','CRITON',1974,9);
insert into LIBRO values ('5023300','CRONICA DE UN MAL AMIGO',1975,9);
insert into LIBRO values ('5023312','CUENTOS COMPLETOS',1963,2);
insert into LIBRO values ('5023324','CUENTOS DE LA TABERNA',1974,1);
insert into LIBRO values ('5023336','CUENTOS PARA PENSAR',2008,8);
insert into LIBRO values ('5023348','DE LAS MUJERES ILUSTRES EN ROMANCE',2010,7);
insert into LIBRO values ('5023360','DEBI DECIR TE AMO',2000,2);
insert into LIBRO values ('5023372','DEL AMOR Y OTROS DEMONIOS',2009,9);
insert into LIBRO values ('5023384','DEMIAN',1982,1);
insert into LIBRO values ('5023396','DIAS Y NOCHE DE AMOR Y DE GUERRA',1969,10);
insert into LIBRO values ('5023408','DIME QUIEN SOY',2009,3);
insert into LIBRO values ('5023420','DON JUAN TENORIO',1994,6);
insert into LIBRO values ('5023432','DON QUIJOTE DE LA MANCHA',1977,3);
insert into LIBRO values ('5023444','ECCE HOMO',1968,5);
insert into LIBRO values ('5023456','EDIPO REY',1998,1);
insert into LIBRO values ('5023468','EL AMANTE',1967,6);
insert into LIBRO values ('5023480','EL ANATOMISTA',2009,7);
insert into LIBRO values ('5023492','EL ANGEL PERDIDO',1974,8);
insert into LIBRO values ('5023504','EL ANTICRISTO',1986,7);
insert into LIBRO values ('5023516','EL ARTE DE AMAR',1981,4);
insert into LIBRO values ('5023528','EL ARTISTA DEL HAMBRE',1978,2);
insert into LIBRO values ('5023540','EL CAMINO',1963,7);
insert into LIBRO values ('5023552','EL CANTO ERRANTE',1985,8);
insert into LIBRO values ('5023564','EL CEMENTERIO DE PRAGA',2005,6);
insert into LIBRO values ('5023576','EL CODIGO DA VINCI',1964,4);
insert into LIBRO values ('5023588','EL CONVIVIO',2001,10);
insert into LIBRO values ('5023600','EL CORAZON DE LAS TINIEBLAS',1997,2);
insert into LIBRO values ('5023612','EL CORONEL NO TIENE QUIEN LE ESCRIBA',1975,9);
insert into LIBRO values ('5023624','EL CREPUSCULO DE LOS IDOLOS',2000,2);
insert into LIBRO values ('5023636','EL DECAMERON',2002,5);
insert into LIBRO values ('5023648','EL DENARIO DEL SUENO',1988,9);
insert into LIBRO values ('5023660','EL DIARIO DE ANA FRANK',1981,3);
insert into LIBRO values ('5023672','EL ENFERMO IMAGINARIO',1989,2);
insert into LIBRO values ('5023684','EL ESCUDO DE LA CIUDAD',1989,2);
insert into LIBRO values ('5023696','EL ESTUDIANTE DE SALAMANCA',1997,1);
insert into LIBRO values ('5023708','EL EXTRANJERO',1994,10);
insert into LIBRO values ('5023720','EL FANTASMA DE CANTERVILLE',1973,7);
insert into LIBRO values ('5023732','EL FUEGO DE CADA DIA',1977,4);
insert into LIBRO values ('5023744','EL HERRERO DE WOOTTON MAYOR',1989,1);
insert into LIBRO values ('5023756','EL HOBBIT',1963,9);
insert into LIBRO values ('5023768','EL HOMBRE ACECHA',1980,3);
insert into LIBRO values ('5023780','EL HOMBRE BICENTENARIO',2011,7);
insert into LIBRO values ('5023792','EL HOMBRE DE MARZO',1975,8);
insert into LIBRO values ('5023804','EL HOMBRE Y SU POESIA',2009,10);
insert into LIBRO values ('5023816','EL INFIERNO TAN TEMIDO',2006,5);
insert into LIBRO values ('5023828','EL INFORME DE BRODIE',1973,1);
insert into LIBRO values ('5023840','EL JARDIN DE LOS CEREZOS',2005,8);
insert into LIBRO values ('5023852','EL LIBRO DE LA SELVA',1984,6);
insert into LIBRO values ('5023864','EL LIBRO DE LOS ABRAZOS',1998,4);
insert into LIBRO values ('5023876','EL LOBO ESTEPARIO',1998,4);
insert into LIBRO values ('5023888','EL MAL DE LA MUERTE',1998,5);
insert into LIBRO values ('5023900','EL MUSICO ALBERTO',1987,5);
insert into LIBRO values ('5023912','EL NAZISMO',1996,5);
insert into LIBRO values ('5023924','EL NOMBRE DE LA ROSA',2001,8);
insert into LIBRO values ('5023936','EL OJO DEL PODER',2000,4);
insert into LIBRO values ('5023948','EL ORIGEN DE LAS ESPECIES',2007,7);
insert into LIBRO values ('5023960','EL OTONO DEL PATRIARCA',2010,3);
insert into LIBRO values ('5023972','EL PENDULO DE FOUCAULT',1975,3);
insert into LIBRO values ('5023984','EL PERFUME',1992,7);
insert into LIBRO values ('5023996','EL PLAN INFINITO',2007,2);
insert into LIBRO values ('5024008','EL PORVENIR DE MI PASADO',1989,2);
insert into LIBRO values ('5024020','EL PORVENIR DE UNA ILUSION',1995,7);
insert into LIBRO values ('5024032','EL PRINCIPE',1960,7);
insert into LIBRO values ('5024044','EL PRINCIPE DESTRONADO',1991,8);
insert into LIBRO values ('5024056','EL PRINCIPITO',1997,1);
insert into LIBRO values ('5024068','EL PROCESO DE LA CIENCIA',1988,6);
insert into LIBRO values ('5024080','EL PROFETA',1970,7);
insert into LIBRO values ('5024092','EL RETORNO DEL REY',2006,1);
insert into LIBRO values ('5024104','EL REY LEAR',1981,5);
insert into LIBRO values ('5024116','EL SENOR DE LOS ANILLOS',2003,3);
insert into LIBRO values ('5024128','EL SILMARILLON',1978,2);
insert into LIBRO values ('5024140','EL SINLECIO DE LAS SIRENAS',1968,9);
insert into LIBRO values ('5024152','EL SITIO DE SEBASTOPOL',1982,2);
insert into LIBRO values ('5024164','EL SUENO DE UNA NOCHE DE VERANO',1976,5);
insert into LIBRO values ('5024176','EL SUENO DEL CELTA',1968,4);
insert into LIBRO values ('5024188','EL SUR',1982,8);
insert into LIBRO values ('5024200','EL TIEMPO ENTRE COSTURAS',1992,1);
insert into LIBRO values ('5024212','EL TIEMPO, GRAN ESCULTOR',1968,8);
insert into LIBRO values ('5024224','EL TIRO DE GRACIA',1985,9);
insert into LIBRO values ('5024236','EL TUNEL',1992,9);
insert into LIBRO values ('5024248','EL ULTIMO JUDIO',2009,9);
insert into LIBRO values ('5024260','EL VALS LENTO DE LAS TORTUGAS',1967,1);
insert into LIBRO values ('5024272','EL VIEJO Y EL MAR',1996,1);
insert into LIBRO values ('5024284','EL VUELO DE LA REINA',1989,7);
insert into LIBRO values ('5024296','ELOGIO A LA LOCURA',1977,10);
insert into LIBRO values ('5024308','EN LA CIUDAD DE ORO Y PLATA',2002,1);
insert into LIBRO values ('5024320','ENTRE DOS AGUAS',1966,1);
insert into LIBRO values ('5024332','ENTRE MENTIRA E IRONIA',1988,1);
insert into LIBRO values ('5024344','ESTE ES MI PUEBLO',1996,8);
insert into LIBRO values ('5024356','ESTUPIDOS HOMBRES BLANCOS',1960,1);
insert into LIBRO values ('5024368','ETICA A NICOMACO',1964,4);
insert into LIBRO values ('5024380','FAHRENHEIT 451',1971,10);
insert into LIBRO values ('5024392','FUNDACION E IMPERIO',1970,4);
insert into LIBRO values ('5024404','GERMINAL',1978,9);
insert into LIBRO values ('5024416','GHOSTGIRL: LOCA DE AMOR',1986,9);
insert into LIBRO values ('5024428','GUERRA Y PAZ',2007,3);
insert into LIBRO values ('5024440','HADYL MURAD',2006,1);
insert into LIBRO values ('5024452','HAMLET',1970,2);
insert into LIBRO values ('5024464','HIJA DE LA FORTUNA',1995,2);
insert into LIBRO values ('5024476','HISTORIAS DE CRONOPIOS Y DE FAMAS',1982,10);
insert into LIBRO values ('5024488','INVITACION A UN ASESINATO',1972,9);
insert into LIBRO values ('5024500','JUAN SALVADOR GAVIOTA',1982,6);
insert into LIBRO values ('5024512','LA ALARGADA SOBRA DEL AMOR',1991,6);
insert into LIBRO values ('5024524','LA CABEZA DE GOLIAT',1983,6);
insert into LIBRO values ('5024536','LA CAIDA DE LOS GIGANTES',1991,4);
insert into LIBRO values ('5024548','LA CASA DE BERNARDA ALBA',1988,3);
insert into LIBRO values ('5024560','LA CASA DE LOS ESPIRITUS',1969,3);
insert into LIBRO values ('5024572','LA CAVERNA',1963,3);
insert into LIBRO values ('5024584','LA CELESTINA',1988,9);
insert into LIBRO values ('5024596','LA CHICA QUE SONABA CON UNA CERILLA Y UN BIDON DE GASOLINA',2009,4);
insert into LIBRO values ('5024608','LA CIENCIA, SU METODO Y SU FILOSOFIA',1973,4);
insert into LIBRO values ('5024620','LA CIUDAD DE LAS BESTIAS',1981,3);
insert into LIBRO values ('5024632','LA COMUNIDAD DEL ANILLO',1995,6);
insert into LIBRO values ('5024644','LA CONDENA',2007,5);
insert into LIBRO values ('5024656','LA CONSPIRACION',1986,8);
insert into LIBRO values ('5024668','LA CRISIS DE LA FILOSOFIA BURGUESA',2003,10);
insert into LIBRO values ('5024680','LA DIVINA COMEDIA',2003,8);
insert into LIBRO values ('5024692','LA DOCTORA COLE',1977,3);
insert into LIBRO values ('5024704','LA ELEGANCIA DEL ERIZO',1978,8);
insert into LIBRO values ('5024716','LA ENEIDA',1972,7);
insert into LIBRO values ('5024728','LA FAMILIA DEL VOURDAKAK',2005,4);
insert into LIBRO values ('5024740','LA FORTALEZA DIGITAL',1970,6);
insert into LIBRO values ('5024752','LA GITANILLA Y LA ILUSTRE FREGONA',1981,8);
insert into LIBRO values ('5024764','LA GUERRA DE LA CERVEZA',1992,2);
insert into LIBRO values ('5024776','LA GUERRA DE TROYA',1983,8);
insert into LIBRO values ('5024788','LA ILIADA',1981,1);
insert into LIBRO values ('5024800','LA ISLA DEL DIA ANTES',1984,1);
insert into LIBRO values ('5024812','LA ISLA DESCONOCIDA',2000,6);
insert into LIBRO values ('5024824','LA METAMORFOSIS',1991,1);
insert into LIBRO values ('5024836','LA MUERTE DE IVAN ILLICH',1964,5);
insert into LIBRO values ('5024848','LA MUERTE EN VENECIA',1970,6);
insert into LIBRO values ('5024860','LA MURALLA CHINA Y OTROS CUENTOS',1978,7);
insert into LIBRO values ('5024872','LA ODISEA',1971,4);
insert into LIBRO values ('5024884','LA OTRA MUJER',2007,1);
insert into LIBRO values ('5024896','LA OTRA VUELTA DE TUERCA',2000,4);
insert into LIBRO values ('5024908','LA PERLA',1995,3);
insert into LIBRO values ('5024920','LA PESTE',1966,2);
insert into LIBRO values ('5024932','LA REBELION DE LOS TARTAROS',2008,8);
insert into LIBRO values ('5024944','LA REINA EN EL PALACIO DE LAS CORRIENTES DE AIRE',1999,5);
insert into LIBRO values ('5024956','LA RESISTENCIA',1969,10);
insert into LIBRO values ('5024968','LA SEMANA EN QUE SE JUNTAN LOS SIGLOS',2003,5);
insert into LIBRO values ('5024980','LA SONRISA ETRUSCA',1979,5);
insert into LIBRO values ('5024992','LA TRAICION DE ROMA',1990,10);
insert into LIBRO values ('5025004','LA TREGUA',1981,2);
insert into LIBRO values ('5025016','LA VIDA NUEVA',2002,8);
insert into LIBRO values ('5025028','LA ZAPATERA PRODIGIOSA',1983,3);
insert into LIBRO values ('5025040','LABRADOR DE MAS AIRE',1964,8);
insert into LIBRO values ('5025052','LAS AVENTURAS DE TOM BOMBADIL',1963,9);
insert into LIBRO values ('5025064','LAS COSMICOMICAS',1984,1);
insert into LIBRO values ('5025076','LAS DOS TORRES',1981,2);
insert into LIBRO values ('5025088','LAS LEGIONES MALDITAS',2008,5);
insert into LIBRO values ('5025100','LAS LIBRETAS DE JOSE',1997,3);
insert into LIBRO values ('5025112','LAS NIEVES DEL KILIMANJARO',1987,3);
insert into LIBRO values ('5025124','LAS PONTICAS',1985,10);
insert into LIBRO values ('5025136','LAS VENAS ABIERTAS DE AMERICA LATINA',1992,6);
insert into LIBRO values ('5025148','LEYENDAS',1963,5);
insert into LIBRO values ('5025160','LITUMA EN LOS ANDES',1973,3);
insert into LIBRO values ('5025172','LO QUE SE DE LOS HOMBRECILLOS',1960,9);
insert into LIBRO values ('5025184','LOS ASESINOS DEL EMPERADOR',2008,5);
insert into LIBRO values ('5025196','LOS CONDENADOS DE LA TIERRA',1993,2);
insert into LIBRO values ('5025208','LOS ESCRITORES IRREVERENTES',1966,2);
insert into LIBRO values ('5025220','LOS OJOS AMARILLOS DE LOS COCODRILOS',1965,4);
insert into LIBRO values ('5025232','LOS PADECIENTES',2006,6);
insert into LIBRO values ('5025244','LOS PILARES DE LA TIERRA',1973,6);
insert into LIBRO values ('5025256','LOS VERSOS SATANICOS',1985,6);
insert into LIBRO values ('5025268','MANUAL DE PERDEDORES',2007,1);
insert into LIBRO values ('5025280','MAPA DE LA TIERRA MEDIA',1985,2);
insert into LIBRO values ('5025292','MAS PLATON MENOS PROZAC',1965,3);
insert into LIBRO values ('5025304','MEMORIAS DE ADRIANO',1965,5);
insert into LIBRO values ('5025316','MI PAIS INVENTADO',1975,7);
insert into LIBRO values ('5025328','MIL SOLES ESPLENDIDOS',1976,2);
insert into LIBRO values ('5025340','MONSTER HIGH',1987,6);
insert into LIBRO values ('5025352','PALE DEMON',1961,8);
insert into LIBRO values ('5025364','PANDORA',1960,7);
insert into LIBRO values ('5025376','PARA SABER Y CONTAR',1982,2);
insert into LIBRO values ('5025388','PAULA',1979,2);
insert into LIBRO values ('5025400','PEDRO PARAMO',2007,5);
insert into LIBRO values ('5025412','POEMAS',1975,7);
insert into LIBRO values ('5025424','POEMAS COMPLETOS',1994,6);
insert into LIBRO values ('5025436','POEMAS DE AMOR',1960,10);
insert into LIBRO values ('5025448','POEMAS DE LA OFICINA',2005,8);
insert into LIBRO values ('5025460','POEMAS SOCIALES DE GUERRA Y MUERTE',1987,1);
insert into LIBRO values ('5025472','POEMAS Y ANTIPOEMAS',1982,8);
insert into LIBRO values ('5025484','POESIA COMPLETA',1983,10);
insert into LIBRO values ('5025496','POESIA COMPLETA',2002,2);
insert into LIBRO values ('5025508','POESIAS',1996,3);
insert into LIBRO values ('5025520','POESIAS',1992,10);
insert into LIBRO values ('5025532','POLIKUSHKA',1965,5);
insert into LIBRO values ('5025544','PRINCIPIOS ELEMENTALES',1989,5);
insert into LIBRO values ('5025556','PROHIBIDO PENSAR',1986,2);
insert into LIBRO values ('5025568','PROVERBIOS DEL INFIERNO',1975,3);
insert into LIBRO values ('5025580','RECUERDOS DE LA GUERRA CIVIL',2011,6);
insert into LIBRO values ('5025592','RESURECCION',1970,10);
insert into LIBRO values ('5025604','RETRATO EN SEPIA',1964,3);
insert into LIBRO values ('5025616','RINCONCETE Y CORTADILLO',1964,10);
insert into LIBRO values ('5025628','RINA DE GATOS: MADRID 1936',2001,7);
insert into LIBRO values ('5025640','ROSAURA A LAS DIEZ',1976,10);
insert into LIBRO values ('5025652','SAN MIGUEL BUENO, MARTIR',1963,7);
insert into LIBRO values ('5025664','SEIS PERSONAJES EN BUSCA DE AUTOR',2003,4);
insert into LIBRO values ('5025676','SELECCION DE VERSOS BURLESCOS',1992,9);
insert into LIBRO values ('5025688','SIDDAHARTA',1992,4);
insert into LIBRO values ('5025700','SIN NOVEDAD EN EL FRENTE',2002,10);
insert into LIBRO values ('5025712','SOBRE LOS ANGELES',1981,7);
insert into LIBRO values ('5025724','THE HELP',1994,3);
insert into LIBRO values ('5025736','TIO VAINA',1971,3);
insert into LIBRO values ('5025748','TRABAJO ASALARIADO Y CAPITAL',1961,3);
insert into LIBRO values ('5025760','UN GOLPE A LA PUERTA DEL CORTIJO',1970,10);
insert into LIBRO values ('5025772','UNA TEMPORADA EN EL INFIERNO',2000,8);
insert into LIBRO values ('5025784','UTOPIA',1961,2);
insert into LIBRO values ('5025796','VIENTOS DEL PUEBLO',1963,10);
insert into LIBRO values ('5025808','YO ACUSO',1965,1);
insert into LIBRO values ('5025820','YO EL SUPREMO',1993,7);
insert into LIBRO values ('5025832','VIDA DE LAZARILLO DE TORMES Y DE SUS FORTUNAS Y ADVERSIDADES',1956,7);


/************ CARGA DE LA TABLA NACIONALIDAD (CODIGO, NOMBRE) ************/

insert into NACIONALIDAD values (	1	,'AFGANISTAN');
insert into NACIONALIDAD values (	2	,'ALEMANIA');
insert into NACIONALIDAD values (	3	,'ARGENTINA');
insert into NACIONALIDAD values (	4	,'AUSTRIA');
insert into NACIONALIDAD values (	5	,'CANADA');
insert into NACIONALIDAD values (	6	,'CHILE');
insert into NACIONALIDAD values (	7	,'COLOMBIA');
insert into NACIONALIDAD values (	8	,'CUBA');
insert into NACIONALIDAD values (	9	,'ESPANA');
insert into NACIONALIDAD values (	10	,'ESTADOS UNIDOS');
insert into NACIONALIDAD values (	11	,'FRANCIA');
insert into NACIONALIDAD values (	12	,'GRECIA');
insert into NACIONALIDAD values (	13	,'HOLANDA');
insert into NACIONALIDAD values (	14	,'HUNGRIA');
insert into NACIONALIDAD values (	15	,'INDIA');
insert into NACIONALIDAD values (	16	,'IRLANDA');
insert into NACIONALIDAD values (	17	,'ITALIA');
insert into NACIONALIDAD values (	18	,'LIBANO');
insert into NACIONALIDAD values (	19	,'MEJICO');
insert into NACIONALIDAD values (	20	,'NICARAGUA');
insert into NACIONALIDAD values (	21	,'PARAGUAY');
insert into NACIONALIDAD values (	22	,'PERU');
insert into NACIONALIDAD values (	23	,'POLONIA');
insert into NACIONALIDAD values (	24	,'PORTUGAL');
insert into NACIONALIDAD values (	25	,'REINO UNIDO');
insert into NACIONALIDAD values (	26	,'REPUBLICA CHECA');
insert into NACIONALIDAD values (	27	,'RUSIA');
insert into NACIONALIDAD values (	28	,'SUECIA');
insert into NACIONALIDAD values (	29	,'SUIZA');
insert into NACIONALIDAD values (	30	,'URUGUAY');



/************ CARGA DE LA TABLA AUTOR (CODIGO, NOMBRE, APELLIDO, ANO_NAC, ANO_FALL, COD_NACION) ************/


Insert into AUTOR values (133,'SAFO',NULL,-640,-580,12);
Insert into AUTOR values (139,'SOFOCLES ',NULL,-496,-406,12);
Insert into AUTOR values (122,'PLATON',NULL,-428,-347,12);
Insert into AUTOR values (9,'ARISTOTELES ',NULL,-384,-322,12);
Insert into AUTOR values (149,'VIRGILIO',NULL,-70,-19,17);
Insert into AUTOR values (120,'OVIDIO',NULL,-43,17,17);
Insert into AUTOR values (19,'DANTE','ALIGHIERI',1265,1321,17);
Insert into AUTOR values (46,'GIOVANNI','BOCCACCIO',1313,1375,17);
Insert into AUTOR values (36,'FRANCOIS','VILLON',1431,1463,11);
Insert into AUTOR values (91,'NICOLAS','MAQUIAVELO',1469,1527,17);
Insert into AUTOR values (158,'TOMAS','MORO',1478,1535,25);
Insert into AUTOR values (25,'ERASMO','DE ROTTERDAM ',1466,1536,13);
Insert into AUTOR values (35,'FERNANDO','DE ROJAS',1470,1541,9);
Insert into AUTOR values (137,'WILLIAM','SHAKESPEARE',1564,1616,25);
Insert into AUTOR values (107,'MIGUEL','DE CERVANTES',1547,1616,9);
Insert into AUTOR values (157,'FRANCISCO','QUEVEDO ',1580,1645,9);
Insert into AUTOR values (111,'MOLIERE',NULL,1622,1673,11);
Insert into AUTOR values (150,'VOLTAIRE',NULL,1694,1778,11);
Insert into AUTOR values (114,'NICOLAS','FERNANDEZ DE MORATIN ',1737,1780,9);
Insert into AUTOR values (151,'WILLIAM','BLAKE ',1757,1827,25);
Insert into AUTOR values (62,'JOSE','DE ESPRONCEDA',1808,1842,9);
Insert into AUTOR values (142,'THOMAS','DE QUINCEY',1785,1859,25);
Insert into AUTOR values (47,'GUSTAVO ADOLFO','BECQUER',1836,1870,9);
Insert into AUTOR values (17,'CHARLES','DARWIN ',1809,1882,25);
Insert into AUTOR values (76,'KARL','MARX ',1818,1883,2);
Insert into AUTOR values (11,'ARTHUR','RIMBAUD',1854,1891,11);
Insert into AUTOR values (152,'JOSE','ZORRILLA',1817,1893,9);
Insert into AUTOR values (40,'FRIEDRICH','NIETZSCHE',1844,1900,2);
Insert into AUTOR values (118,'OSCAR','WILDE ',1854,1900,16);
Insert into AUTOR values (24,'EMILE','ZOLA',1840,1902,11);
Insert into AUTOR values (8,'ANTON','CHEJOV',1860,1904,27);
Insert into AUTOR values (86,'LEON','TOLSTOI',1828,1910,27);
Insert into AUTOR values (99,'MARK','TWAIN',1835,1910,10);
Insert into AUTOR values (30,'EVARISTO','CARRIEGO',1883,1912,3);
Insert into AUTOR values (130,'RUBEN','DARIO',1867,1916,20);
Insert into AUTOR values (48,'HENRY','JAMES ',1843,1916,10);
Insert into AUTOR values (67,'JOSEPH','CONRAD ',1857,1924,23);
Insert into AUTOR values (38,'FRANZ','KAFKA',1883,1924,26);
Insert into AUTOR values (82,'KHALIL','GIBRAN ',1883,1931,18);
Insert into AUTOR values (108,'MIGUEL','DE UNAMUNO',1864,1936,9);
Insert into AUTOR values (33,'FEDERICO','GARCIA LORCA',1898,1936,9);
Insert into AUTOR values (131,'RUDYARD','KIPLING ',1865,1936,25);
Insert into AUTOR values (89,'LUIGI','PIRANDELLO ',1867,1936,17);
Insert into AUTOR values (15,'CESAR','VALLEJO ',1892,1938,22);
Insert into AUTOR values (138,'SIGMUND','FREUD',1856,1939,4);
Insert into AUTOR values (110,'MIGUEL','HERNANDEZ',1910,1942,9);
Insert into AUTOR values (7,'ANTOINE','DE SAINT EXUPERY ',1900,1944,11);
Insert into AUTOR values (4,'ANA','FRANK',1929,1945,2);
Insert into AUTOR values (45,'GEORGE','ORWELL',1903,1950,25);
Insert into AUTOR values (20,'DYLAN','THOMAS ',1914,1953,25);
Insert into AUTOR values (3,'ALBERT','EINSTEIN',1879,1955,29);
Insert into AUTOR values (143,'THOMAS','MANN',1875,1955,10);
Insert into AUTOR values (2,'ALBERT','CAMUS ',1913,1960,11);
Insert into AUTOR values (37,'FRANZ','FANON ',1925,1961,11);
Insert into AUTOR values (27,'ERNEST','HEMINGWAY',1899,1961,10);
Insert into AUTOR values (49,'HERMANN','HESSE',1877,1962,29);
Insert into AUTOR values (31,'EZEQUIEL','MARTINEZ ESTRADA ',1895,1964,3);
Insert into AUTOR values (58,'JOHN','STEINBECK ',1902,1968,10);
Insert into AUTOR values (26,'ERICH MARIA','REMARQUE',1898,1970,2);
Insert into AUTOR values (44,'GEORGE','LUKACS',1885,1971,14);
Insert into AUTOR values (1,'J.R.R.','TOLKIEN',1892,1973,25);
Insert into AUTOR values (63,'JOSE','LEZAMA LIMA ',1910,1976,8);
Insert into AUTOR values (147,'TRUMAN','CAPOTE ',1924,1984,10);
Insert into AUTOR values (75,'JULIO','CORTAZAR',1914,1984,3);
Insert into AUTOR values (106,'MICHEL','FOUCAULT ',1926,1984,11);
Insert into AUTOR values (54,'ITALO','CALVINO',1923,1985,17);
Insert into AUTOR values (128,'ROBERT','GRAVES ',1895,1985,25);
Insert into AUTOR values (60,'JORGE LUIS','BORGES ',1899,1986,3);
Insert into AUTOR values (71,'JUAN','RULFO ',1917,1986,19);
Insert into AUTOR values (94,'MARGUERITE','YOURCENAR ',1903,1987,11);
Insert into AUTOR values (52,'ISAAC','ASIMOV ',1920,1992,27);
Insert into AUTOR values (16,'CHARLES','BUKOWSKI ',1920,1994,10);
Insert into AUTOR values (68,'JUAN CARLOS','ONETTI ',1909,1994,30);
Insert into AUTOR values (93,'MARGUERITE','DURAS',1914,1996,11);
Insert into AUTOR values (92,'MARCO','DENEVI ',1922,1998,3);
Insert into AUTOR values (116,'OCTAVIO','PAZ',1914,1998,19);
Insert into AUTOR values (126,'RAFAEL','ALBERTI ',1902,1999,9);
Insert into AUTOR values (117,'OLGA','OROZCO ',1920,1999,3);
Insert into AUTOR values (140,'STIEG','LARSSON',1954,2004,28);
Insert into AUTOR values (12,'AUGUSTO','ROA BASTOS ',1917,2005,21);
Insert into AUTOR values (72,'JUAN','SAMAJA ',1941,2007,3);
Insert into AUTOR values (10,'ARTHUR','CLARKE',1917,2008,25);
Insert into AUTOR values (96,'MARIO','BENEDETTI',1920,2009,30);
Insert into AUTOR values (109,'MIGUEL','DELIBES',1920,2010,9);
Insert into AUTOR values (145,'TOMAS ELOY','MARTINEZ',1934,2010,3);
Insert into AUTOR values (66,'JOSE','SARAMAGO',1922,2010,24);
Insert into AUTOR values (29,'ERNESTO','SABATO',1911,2011,3);
Insert into AUTOR values (124,'RAY','BRADBURY',1920,NULL,10);
Insert into AUTOR values (56,'JOSE LUIS','SANPEDRO',1917,NULL,9);
Insert into AUTOR values (51,'HOMERO',NULL,NULL,NULL,12);
Insert into AUTOR values (53,'ISABEL','ALLENDE ',1942,NULL,6);
Insert into AUTOR values (129,'ROBERTO','AMPUERO',1953,NULL,6);
Insert into AUTOR values (32,'FEDERICO','ANDAHAZI ',1963,NULL,3);
Insert into AUTOR values (123,'PLINIO','APULEYO MENDOZA',1932,NULL,7);
Insert into AUTOR values (127,'RICHARD','BACH ',1936,NULL,10);
Insert into AUTOR values (112,'MURIEL','BARBERY',1969,NULL,11);
Insert into AUTOR values (18,'DAN','BROWN',1964,NULL,10);
Insert into AUTOR values (59,'JORGE','BUCAY',1949,NULL,3);
Insert into AUTOR values (97,'MARIO','BUNGE ',1919,NULL,3);
Insert into AUTOR values (28,'ERNESTO','CARDENAL ',1925,NULL,20);
Insert into AUTOR values (144,'TOMAS','DE MATTOS',1947,NULL,30);
Insert into AUTOR values (95,'MARIA','DUENAS',1964,NULL,9);
Insert into AUTOR values (148,'UMBERTO','ECO',1932,NULL,17);
Insert into AUTOR values (85,'LAURA','ESQUIVEL',1950,NULL,19);
Insert into AUTOR values (79,'KEN','FOLLETT',1949,NULL,25);
Insert into AUTOR values (39,'FREDERICK','FORSYTH',1938,NULL,25);
Insert into AUTOR values (21,'EDUARDO','GALEANO',1940,NULL,30);
Insert into AUTOR values (42,'GABRIEL','GARCIA MARQUEZ ',1927,NULL,7);
Insert into AUTOR values (69,'JUAN','GELMAN ',1930,NULL,3);
Insert into AUTOR values (23,'ELIZABETH','GILBERT',1969,NULL,10);
Insert into AUTOR values (119,'OSMAR','GOMES DA SILVA',NULL,NULL,NULL);
Insert into AUTOR values (115,'NOAH','GORDON',1926,NULL,10);
Insert into AUTOR values (100,'MARTA','HARNECKER',1940,NULL,6);
Insert into AUTOR values (83,'KIM','HARRISON',1957,NULL,10);
Insert into AUTOR values (87,'LISA','HARRISON',1975,NULL,10);
Insert into AUTOR values (132,'STEPHEN','HAWKING ',1942,NULL,25);
Insert into AUTOR values (81,'KHALED','HOSSEINI',1965,NULL,1);
Insert into AUTOR values (146,'TONYA','HURLEY',1967,NULL,10);
Insert into AUTOR values (102,'MATHIAS','MALZIEU',1974,NULL,11);
Insert into AUTOR values (88,'LOU','MARINOFF ',1951,NULL,5);
Insert into AUTOR values (22,'EDUARDO','MENDOZA',1943,NULL,9);
Insert into AUTOR values (50,'HERNAN','MILLAS',1921,NULL,6);
Insert into AUTOR values (70,'JUAN JOSE','MILLAS',1946,NULL,9);
Insert into AUTOR values (34,'FEDERICO','MOCCIA',1963,NULL,17);
Insert into AUTOR values (104,'MICHAEL','MOORE',1954,NULL,10);
Insert into AUTOR values (80,'KENIZE','MOURAD',1942,NULL,11);
Insert into AUTOR values (74,'JULIA','NAVARRO',1953,NULL,9);
Insert into AUTOR values (135,'SANDINO','NUNEZ',1961,NULL,30);
Insert into AUTOR values (77,'KATHERINE','PANCOL',1954,NULL,9);
Insert into AUTOR values (113,'NICANOR','PARRA ',1914,NULL,6);
Insert into AUTOR values (14,'CARMEN','POSADAS',1953,NULL,30);
Insert into AUTOR values (136,'SANTIAGO','POSTEGUILLO',1965,NULL,9);
Insert into AUTOR values (5,'ANNE','RICE',1941,NULL,10);
Insert into AUTOR values (13,'BEATRIZ','RIVAS',1965,NULL,19);
Insert into AUTOR values (43,'GABRIEL','ROLON',1961,NULL,3);
Insert into AUTOR values (65,'JOSE','ROSENWASSER ',1950,NULL,23);
Insert into AUTOR values (134,'SALMAN','RUSHDIE ',1947,NULL,15);
Insert into AUTOR values (73,'JUAN','SASTURAIN ',1945,NULL,3);
Insert into AUTOR values (155,'JAVIER','SIERRA',1971,NULL,9);
Insert into AUTOR values (78,'KATHRYN','STOCKETT',1970,NULL,10);
Insert into AUTOR values (121,'PATRICK','SUSKIND ',1949,NULL,2);
Insert into AUTOR values (105,'MICHAEL','THORNTON',1960,NULL,10);
Insert into AUTOR values (98,'MARIO','VARGAS LLOSA',1936,NULL,22);
Insert into AUTOR values (141,'TABARE','VAZQUEZ',1940,NULL,30);
Insert into AUTOR values (103,'MERCEDES','VIGIL',1957,NULL,30);


/************ CARGA DE LA TABLA ESCRIBE (ISBN, COD_AUTOR) ************/

insert into ESCRIBE values (	5023024	,	45	);
insert into ESCRIBE values (	5023036	,	147	);
insert into ESCRIBE values (	5023048	,	16	);
insert into ESCRIBE values (	5023060	,	28	);
insert into ESCRIBE values (	5023072	,	40	);
insert into ESCRIBE values (	5023084	,	136	);
insert into ESCRIBE values (	5023096	,	132	);
insert into ESCRIBE values (	5023108	,	1	);
insert into ESCRIBE values (	5023120	,	13	);
insert into ESCRIBE values (	5023132	,	86	);
insert into ESCRIBE values (	5023144	,	18	);
insert into ESCRIBE values (	5023156	,	148	);
insert into ESCRIBE values (	5023168	,	114	);
insert into ESCRIBE values (	5023180	,	40	);
insert into ESCRIBE values (	5023192	,	119	);
insert into ESCRIBE values (	5023204	,	33	);
insert into ESCRIBE values (	5023216	,	150	);
insert into ESCRIBE values (	5023228	,	34	);
insert into ESCRIBE values (	5023240	,	103	);
insert into ESCRIBE values (	5023252	,	39	);
insert into ESCRIBE values (	5023264	,	23	);
insert into ESCRIBE values (	5023276	,	85	);
insert into ESCRIBE values (	5023288	,	122	);
insert into ESCRIBE values (	5023300	,	141	);
insert into ESCRIBE values (	5023312	,	63	);
insert into ESCRIBE values (	5023324	,	10	);
insert into ESCRIBE values (	5023336	,	59	);
insert into ESCRIBE values (	5023348	,	46	);
insert into ESCRIBE values (	5023360	,	69	);
insert into ESCRIBE values (	5023372	,	42	);
insert into ESCRIBE values (	5023384	,	49	);
insert into ESCRIBE values (	5023396	,	21	);
insert into ESCRIBE values (	5023408	,	74	);
insert into ESCRIBE values (	5023420	,	152	);
insert into ESCRIBE values (	5023432	,	107	);
insert into ESCRIBE values (	5023444	,	40	);
insert into ESCRIBE values (	5023456	,	139	);
insert into ESCRIBE values (	5023468	,	93	);
insert into ESCRIBE values (	5023480	,	32	);
insert into ESCRIBE values (	5023492	,	155	);
insert into ESCRIBE values (	5023504	,	40	);
insert into ESCRIBE values (	5023516	,	120	);
insert into ESCRIBE values (	5023528	,	38	);
insert into ESCRIBE values (	5023540	,	109	);
insert into ESCRIBE values (	5023552	,	130	);
insert into ESCRIBE values (	5023564	,	148	);
insert into ESCRIBE values (	5023576	,	18	);
insert into ESCRIBE values (	5023588	,	19	);
insert into ESCRIBE values (	5023600	,	67	);
insert into ESCRIBE values (	5023612	,	42	);
insert into ESCRIBE values (	5023624	,	40	);
insert into ESCRIBE values (	5023636	,	46	);
insert into ESCRIBE values (	5023648	,	94	);
insert into ESCRIBE values (	5023660	,	4	);
insert into ESCRIBE values (	5023672	,	111	);
insert into ESCRIBE values (	5023684	,	38	);
insert into ESCRIBE values (	5023696	,	62	);
insert into ESCRIBE values (	5023708	,	2	);
insert into ESCRIBE values (	5023720	,	118	);
insert into ESCRIBE values (	5023732	,	116	);
insert into ESCRIBE values (	5023744	,	1	);
insert into ESCRIBE values (	5023756	,	1	);
insert into ESCRIBE values (	5023768	,	110	);
insert into ESCRIBE values (	5023780	,	52	);
insert into ESCRIBE values (	5023792	,	144	);
insert into ESCRIBE values (	5023804	,	110	);
insert into ESCRIBE values (	5023816	,	68	);
insert into ESCRIBE values (	5023828	,	60	);
insert into ESCRIBE values (	5023840	,	8	);
insert into ESCRIBE values (	5023852	,	131	);
insert into ESCRIBE values (	5023864	,	21	);
insert into ESCRIBE values (	5023876	,	49	);
insert into ESCRIBE values (	5023888	,	93	);
insert into ESCRIBE values (	5023900	,	86	);
insert into ESCRIBE values (	5023912	,	105	);
insert into ESCRIBE values (	5023924	,	148	);
insert into ESCRIBE values (	5023936	,	106	);
insert into ESCRIBE values (	5023948	,	17	);
insert into ESCRIBE values (	5023960	,	42	);
insert into ESCRIBE values (	5023972	,	148	);
insert into ESCRIBE values (	5023984	,	121	);
insert into ESCRIBE values (	5023996	,	53	);
insert into ESCRIBE values (	5024008	,	96	);
insert into ESCRIBE values (	5024020	,	138	);
insert into ESCRIBE values (	5024032	,	91	);
insert into ESCRIBE values (	5024044	,	109	);
insert into ESCRIBE values (	5024056	,	7	);
insert into ESCRIBE values (	5024068	,	72	);
insert into ESCRIBE values (	5024080	,	82	);
insert into ESCRIBE values (	5024092	,	1	);
insert into ESCRIBE values (	5024104	,	137	);
insert into ESCRIBE values (	5024116	,	1	);
insert into ESCRIBE values (	5024128	,	1	);
insert into ESCRIBE values (	5024140	,	38	);
insert into ESCRIBE values (	5024152	,	86	);
insert into ESCRIBE values (	5024164	,	137	);
insert into ESCRIBE values (	5024176	,	98	);
insert into ESCRIBE values (	5024188	,	60	);
insert into ESCRIBE values (	5024200	,	95	);
insert into ESCRIBE values (	5024212	,	94	);
insert into ESCRIBE values (	5024224	,	94	);
insert into ESCRIBE values (	5024236	,	29	);
insert into ESCRIBE values (	5024248	,	115	);
insert into ESCRIBE values (	5024260	,	77	);
insert into ESCRIBE values (	5024272	,	27	);
insert into ESCRIBE values (	5024284	,	145	);
insert into ESCRIBE values (	5024296	,	25	);
insert into ESCRIBE values (	5024308	,	80	);
insert into ESCRIBE values (	5024320	,	123	);
insert into ESCRIBE values (	5024332	,	148	);
insert into ESCRIBE values (	5024344	,	3	);
insert into ESCRIBE values (	5024356	,	104	);
insert into ESCRIBE values (	5024368	,	9	);
insert into ESCRIBE values (	5024380	,	124	);
insert into ESCRIBE values (	5024392	,	52	);
insert into ESCRIBE values (	5024404	,	24	);
insert into ESCRIBE values (	5024416	,	146	);
insert into ESCRIBE values (	5024428	,	86	);
insert into ESCRIBE values (	5024440	,	86	);
insert into ESCRIBE values (	5024452	,	137	);
insert into ESCRIBE values (	5024464	,	53	);
insert into ESCRIBE values (	5024476	,	75	);
insert into ESCRIBE values (	5024488	,	14	);
insert into ESCRIBE values (	5024500	,	127	);
insert into ESCRIBE values (	5024512	,	102	);
insert into ESCRIBE values (	5024524	,	31	);
insert into ESCRIBE values (	5024536	,	79	);
insert into ESCRIBE values (	5024548	,	33	);
insert into ESCRIBE values (	5024560	,	53	);
insert into ESCRIBE values (	5024572	,	66	);
insert into ESCRIBE values (	5024584	,	35	);
insert into ESCRIBE values (	5024596	,	140	);
insert into ESCRIBE values (	5024608	,	97	);
insert into ESCRIBE values (	5024620	,	53	);
insert into ESCRIBE values (	5024632	,	1	);
insert into ESCRIBE values (	5024644	,	38	);
insert into ESCRIBE values (	5024656	,	18	);
insert into ESCRIBE values (	5024668	,	44	);
insert into ESCRIBE values (	5024680	,	19	);
insert into ESCRIBE values (	5024692	,	115	);
insert into ESCRIBE values (	5024704	,	112	);
insert into ESCRIBE values (	5024716	,	149	);
insert into ESCRIBE values (	5024728	,	86	);
insert into ESCRIBE values (	5024740	,	18	);
insert into ESCRIBE values (	5024752	,	107	);
insert into ESCRIBE values (	5024764	,	1	);
insert into ESCRIBE values (	5024776	,	128	);
insert into ESCRIBE values (	5024788	,	51	);
insert into ESCRIBE values (	5024800	,	148	);
insert into ESCRIBE values (	5024812	,	66	);
insert into ESCRIBE values (	5024824	,	38	);
insert into ESCRIBE values (	5024836	,	86	);
insert into ESCRIBE values (	5024848	,	143	);
insert into ESCRIBE values (	5024860	,	38	);
insert into ESCRIBE values (	5024872	,	51	);
insert into ESCRIBE values (	5024884	,	129	);
insert into ESCRIBE values (	5024896	,	48	);
insert into ESCRIBE values (	5024908	,	58	);
insert into ESCRIBE values (	5024920	,	2	);
insert into ESCRIBE values (	5024932	,	142	);
insert into ESCRIBE values (	5024944	,	140	);
insert into ESCRIBE values (	5024956	,	29	);
insert into ESCRIBE values (	5024980	,	56	);
insert into ESCRIBE values (	5024992	,	136	);
insert into ESCRIBE values (	5025004	,	96	);
insert into ESCRIBE values (	5025016	,	19	);
insert into ESCRIBE values (	5025028	,	33	);
insert into ESCRIBE values (	5025040	,	110	);
insert into ESCRIBE values (	5025052	,	1	);
insert into ESCRIBE values (	5025064	,	54	);
insert into ESCRIBE values (	5025076	,	1	);
insert into ESCRIBE values (	5025088	,	136	);
insert into ESCRIBE values (	5025100	,	65	);
insert into ESCRIBE values (	5025112	,	27	);
insert into ESCRIBE values (	5025124	,	120	);
insert into ESCRIBE values (	5025136	,	21	);
insert into ESCRIBE values (	5025148	,	47	);
insert into ESCRIBE values (	5025160	,	98	);
insert into ESCRIBE values (	5025172	,	70	);
insert into ESCRIBE values (	5025184	,	136	);
insert into ESCRIBE values (	5025196	,	37	);
insert into ESCRIBE values (	5025208	,	99	);
insert into ESCRIBE values (	5025220	,	77	);
insert into ESCRIBE values (	5025232	,	43	);
insert into ESCRIBE values (	5025244	,	79	);
insert into ESCRIBE values (	5025256	,	134	);
insert into ESCRIBE values (	5025268	,	73	);
insert into ESCRIBE values (	5025280	,	1	);
insert into ESCRIBE values (	5025292	,	88	);
insert into ESCRIBE values (	5025304	,	94	);
insert into ESCRIBE values (	5025316	,	53	);
insert into ESCRIBE values (	5025328	,	81	);
insert into ESCRIBE values (	5025340	,	87	);
insert into ESCRIBE values (	5025352	,	83	);
insert into ESCRIBE values (	5025364	,	5	);
insert into ESCRIBE values (	5025376	,	50	);
insert into ESCRIBE values (	5025388	,	53	);
insert into ESCRIBE values (	5025400	,	71	);
insert into ESCRIBE values (	5025412	,	133	);
insert into ESCRIBE values (	5025424	,	20	);
insert into ESCRIBE values (	5025436	,	110	);
insert into ESCRIBE values (	5025448	,	96	);
insert into ESCRIBE values (	5025460	,	110	);
insert into ESCRIBE values (	5025472	,	113	);
insert into ESCRIBE values (	5025484	,	15	);
insert into ESCRIBE values (	5025496	,	30	);
insert into ESCRIBE values (	5025508	,	36	);
insert into ESCRIBE values (	5025520	,	117	);
insert into ESCRIBE values (	5025532	,	86	);
insert into ESCRIBE values (	5025544	,	100	);
insert into ESCRIBE values (	5025556	,	135	);
insert into ESCRIBE values (	5025568	,	151	);
insert into ESCRIBE values (	5025580	,	45	);
insert into ESCRIBE values (	5025592	,	86	);
insert into ESCRIBE values (	5025604	,	53	);
insert into ESCRIBE values (	5025616	,	107	);
insert into ESCRIBE values (	5025628	,	22	);
insert into ESCRIBE values (	5025640	,	92	);
insert into ESCRIBE values (	5025652	,	108	);
insert into ESCRIBE values (	5025664	,	89	);
insert into ESCRIBE values (	5025676	,	157	);
insert into ESCRIBE values (	5025688	,	49	);
insert into ESCRIBE values (	5025700	,	26	);
insert into ESCRIBE values (	5025712	,	126	);
insert into ESCRIBE values (	5025724	,	78	);
insert into ESCRIBE values (	5025736	,	8	);
insert into ESCRIBE values (	5025748	,	76	);
insert into ESCRIBE values (	5025760	,	38	);
insert into ESCRIBE values (	5025772	,	11	);
insert into ESCRIBE values (	5025784	,	158	);
insert into ESCRIBE values (	5025796	,	110	);
insert into ESCRIBE values (	5025808	,	24	);
insert into ESCRIBE values (	5025820	,	12	);


/************ CARGA DE LA TABLA DISPONE (Cod_Suc, ISBN, Num_Ejemplares, Num_Disponibles) ************/

insert into DISPONE values (15, 5023024, 3, 3);
insert into DISPONE values (1, 5023024, 5, 5);
insert into DISPONE values (4, 5023024, 5, 5);
insert into DISPONE values (6, 5023024, 3, 1);
insert into DISPONE values (7, 5023024, 3, 3);
insert into DISPONE values (11, 5023024, 3, 3);
insert into DISPONE values (14, 5023024, 2, 2);
insert into DISPONE values (3, 5023036, 3, 3);
insert into DISPONE values (6, 5023036, 5, 5);
insert into DISPONE values (9, 5023036, 3, 3);
insert into DISPONE values (11, 5023036, 3, 3);
insert into DISPONE values (15, 5023048, 5, 4);
insert into DISPONE values (3, 5023048, 2, 2);
insert into DISPONE values (4, 5023048, 4, 4);
insert into DISPONE values (11, 5023048, 5, 3);
insert into DISPONE values (12, 5023048, 5, 5);
insert into DISPONE values (13, 5023048, 3, 2);
insert into DISPONE values (14, 5023048, 1, 1);
insert into DISPONE values (8, 5023060, 1, 1);
insert into DISPONE values (14, 5023060, 1, 1);
insert into DISPONE values (9, 5023072, 1, 1);
insert into DISPONE values (2, 5023084, 4, 4);
insert into DISPONE values (3, 5023084, 2, 2);
insert into DISPONE values (4, 5023084, 5, 5);
insert into DISPONE values (7, 5023084, 3, 3);
insert into DISPONE values (8, 5023084, 4, 4);
insert into DISPONE values (9, 5023084, 3, 3);
insert into DISPONE values (10, 5023084, 1, 1);
insert into DISPONE values (12, 5023084, 3, 3);
insert into DISPONE values (13, 5023084, 1, 1);
insert into DISPONE values (15, 5023096, 2, 2);
insert into DISPONE values (3, 5023096, 5, 5);
insert into DISPONE values (4, 5023096, 4, 4);
insert into DISPONE values (5, 5023096, 2, 2);
insert into DISPONE values (8, 5023096, 5, 5);
insert into DISPONE values (9, 5023096, 1, 0);
insert into DISPONE values (14, 5023096, 3, 3);
insert into DISPONE values (15, 5023108, 4, 4);
insert into DISPONE values (3, 5023120, 1, 1);
insert into DISPONE values (5, 5023120, 2, 0);
insert into DISPONE values (7, 5023120, 1, 1);
insert into DISPONE values (9, 5023120, 3, 3);
insert into DISPONE values (1, 5023132, 5, 5);
insert into DISPONE values (2, 5023132, 3, 3);
insert into DISPONE values (6, 5023132, 4, 4);
insert into DISPONE values (7, 5023132, 1, 1);
insert into DISPONE values (8, 5023132, 4, 4);
insert into DISPONE values (9, 5023132, 5, 5);
insert into DISPONE values (14, 5023132, 2, 0);
insert into DISPONE values (3, 5023144, 2, 2);
insert into DISPONE values (6, 5023144, 5, 5);
insert into DISPONE values (9, 5023144, 1, 1);
insert into DISPONE values (10, 5023144, 2, 0);
insert into DISPONE values (11, 5023144, 1, 1);
insert into DISPONE values (13, 5023144, 3, 3);
insert into DISPONE values (14, 5023144, 2, 0);
insert into DISPONE values (15, 5023156, 4, 4);
insert into DISPONE values (2, 5023156, 3, 3);
insert into DISPONE values (7, 5023156, 1, 0);
insert into DISPONE values (8, 5023156, 3, 3);
insert into DISPONE values (10, 5023156, 4, 4);
insert into DISPONE values (14, 5023156, 2, 2);
insert into DISPONE values (1, 5023168, 5, 5);
insert into DISPONE values (3, 5023168, 3, 3);
insert into DISPONE values (4, 5023168, 4, 4);
insert into DISPONE values (6, 5023168, 1, 1);
insert into DISPONE values (11, 5023168, 5, 1);
insert into DISPONE values (12, 5023168, 3, 3);
insert into DISPONE values (14, 5023168, 4, 4);
insert into DISPONE values (1, 5023180, 4, 4);
insert into DISPONE values (2, 5023180, 4, 4);
insert into DISPONE values (5, 5023180, 1, 1);
insert into DISPONE values (9, 5023180, 1, 1);
insert into DISPONE values (10, 5023180, 4, 4);
insert into DISPONE values (13, 5023180, 3, 3);
insert into DISPONE values (15, 5023192, 3, 3);
insert into DISPONE values (1, 5023192, 5, 5);
insert into DISPONE values (6, 5023192, 4, 4);
insert into DISPONE values (8, 5023192, 2, 2);
insert into DISPONE values (9, 5023192, 5, 5);
insert into DISPONE values (12, 5023192, 5, 5);
insert into DISPONE values (13, 5023192, 1, 1);
insert into DISPONE values (2, 5023204, 4, 4);
insert into DISPONE values (5, 5023204, 5, 5);
insert into DISPONE values (8, 5023204, 2, 2);
insert into DISPONE values (10, 5023204, 5, 5);
insert into DISPONE values (14, 5023204, 1, 1);
insert into DISPONE values (1, 5023216, 2, 2);
insert into DISPONE values (2, 5023216, 3, 3);
insert into DISPONE values (4, 5023216, 4, 1);
insert into DISPONE values (3, 5023228, 1, 1);
insert into DISPONE values (4, 5023228, 5, 5);
insert into DISPONE values (8, 5023228, 1, 1);
insert into DISPONE values (9, 5023228, 2, 2);
insert into DISPONE values (10, 5023228, 2, 2);
insert into DISPONE values (1, 5023240, 1, 1);
insert into DISPONE values (5, 5023240, 5, 5);
insert into DISPONE values (7, 5023240, 2, 2);
insert into DISPONE values (8, 5023240, 1, 1);
insert into DISPONE values (9, 5023240, 1, 0);
insert into DISPONE values (13, 5023240, 4, 4);
insert into DISPONE values (11, 5023252, 1, 1);
insert into DISPONE values (13, 5023252, 1, 0);
insert into DISPONE values (1, 5023264, 2, 2);
insert into DISPONE values (3, 5023264, 5, 5);
insert into DISPONE values (9, 5023264, 2, 2);
insert into DISPONE values (14, 5023264, 5, 5);
insert into DISPONE values (1, 5023276, 5, 5);
insert into DISPONE values (2, 5023276, 5, 5);
insert into DISPONE values (3, 5023276, 1, 0);
insert into DISPONE values (4, 5023276, 4, 4);
insert into DISPONE values (8, 5023276, 2, 2);
insert into DISPONE values (10, 5023276, 4, 4);
insert into DISPONE values (2, 5023288, 4, 4);
insert into DISPONE values (5, 5023288, 2, 2);
insert into DISPONE values (10, 5023288, 1, 1);
insert into DISPONE values (1, 5023300, 5, 3);
insert into DISPONE values (3, 5023300, 3, 3);
insert into DISPONE values (4, 5023300, 5, 5);
insert into DISPONE values (7, 5023300, 4, 4);
insert into DISPONE values (8, 5023300, 5, 5);
insert into DISPONE values (11, 5023300, 3, 1);
insert into DISPONE values (12, 5023300, 1, 1);
insert into DISPONE values (13, 5023300, 3, 3);
insert into DISPONE values (3, 5023312, 2, 2);
insert into DISPONE values (7, 5023312, 1, 1);
insert into DISPONE values (9, 5023312, 2, 2);
insert into DISPONE values (12, 5023312, 4, 0);
insert into DISPONE values (15, 5023324, 1, 1);
insert into DISPONE values (6, 5023324, 1, 1);
insert into DISPONE values (8, 5023324, 3, 3);
insert into DISPONE values (10, 5023324, 4, 4);
insert into DISPONE values (11, 5023324, 3, 3);
insert into DISPONE values (13, 5023324, 3, 3);
insert into DISPONE values (14, 5023324, 1, 1);
insert into DISPONE values (2, 5023336, 1, 0);
insert into DISPONE values (5, 5023336, 3, 3);
insert into DISPONE values (7, 5023336, 2, 2);
insert into DISPONE values (9, 5023336, 4, 4);
insert into DISPONE values (10, 5023336, 2, 2);
insert into DISPONE values (13, 5023336, 4, 4);
insert into DISPONE values (14, 5023336, 2, 2);
insert into DISPONE values (1, 5023348, 1, 1);
insert into DISPONE values (10, 5023348, 2, 2);
insert into DISPONE values (14, 5023348, 3, 3);
insert into DISPONE values (10, 5023360, 1, 1);
insert into DISPONE values (11, 5023360, 1, 1);
insert into DISPONE values (12, 5023360, 5, 5);
insert into DISPONE values (13, 5023360, 1, 1);
insert into DISPONE values (2, 5023372, 3, 2);
insert into DISPONE values (5, 5023372, 1, 1);
insert into DISPONE values (9, 5023372, 4, 0);
insert into DISPONE values (12, 5023372, 3, 3);
insert into DISPONE values (13, 5023372, 5, 5);
insert into DISPONE values (1, 5023384, 3, 3);
insert into DISPONE values (9, 5023384, 5, 2);
insert into DISPONE values (10, 5023384, 1, 1);
insert into DISPONE values (11, 5023384, 4, 4);
insert into DISPONE values (2, 5023396, 1, 1);
insert into DISPONE values (7, 5023396, 3, 3);
insert into DISPONE values (9, 5023396, 2, 2);
insert into DISPONE values (10, 5023396, 2, 0);
insert into DISPONE values (3, 5023408, 3, 3);
insert into DISPONE values (4, 5023408, 1, 1);
insert into DISPONE values (12, 5023408, 4, 4);
insert into DISPONE values (1, 5023420, 4, 4);
insert into DISPONE values (3, 5023420, 2, 2);
insert into DISPONE values (10, 5023420, 5, 5);
insert into DISPONE values (13, 5023420, 1, 1);
insert into DISPONE values (15, 5023432, 3, 3);
insert into DISPONE values (1, 5023432, 3, 3);
insert into DISPONE values (2, 5023432, 1, 1);
insert into DISPONE values (4, 5023432, 3, 3);
insert into DISPONE values (7, 5023432, 4, 4);
insert into DISPONE values (9, 5023432, 2, 2);
insert into DISPONE values (11, 5023432, 1, 1);
insert into DISPONE values (12, 5023432, 5, 5);
insert into DISPONE values (15, 5023444, 3, 3);
insert into DISPONE values (3, 5023444, 3, 2);
insert into DISPONE values (4, 5023444, 2, 2);
insert into DISPONE values (8, 5023444, 4, 4);
insert into DISPONE values (11, 5023444, 2, 2);
insert into DISPONE values (15, 5023456, 2, 2);
insert into DISPONE values (1, 5023456, 2, 2);
insert into DISPONE values (12, 5023456, 1, 1);
insert into DISPONE values (15, 5023468, 3, 0);
insert into DISPONE values (2, 5023468, 3, 2);
insert into DISPONE values (3, 5023468, 2, 2);
insert into DISPONE values (5, 5023468, 5, 5);
insert into DISPONE values (5, 5023480, 5, 5);
insert into DISPONE values (8, 5023480, 1, 1);
insert into DISPONE values (10, 5023480, 5, 5);
insert into DISPONE values (13, 5023480, 4, 2);
insert into DISPONE values (14, 5023480, 2, 2);
insert into DISPONE values (2, 5023492, 1, 1);
insert into DISPONE values (3, 5023492, 4, 4);
insert into DISPONE values (4, 5023492, 2, 2);
insert into DISPONE values (6, 5023492, 2, 2);
insert into DISPONE values (15, 5023504, 1, 0);
insert into DISPONE values (1, 5023504, 1, 1);
insert into DISPONE values (3, 5023504, 4, 3);
insert into DISPONE values (5, 5023504, 1, 1);
insert into DISPONE values (6, 5023504, 3, 3);
insert into DISPONE values (8, 5023504, 4, 4);
insert into DISPONE values (9, 5023504, 1, 1);
insert into DISPONE values (13, 5023504, 5, 5);
insert into DISPONE values (15, 5023516, 2, 0);
insert into DISPONE values (2, 5023516, 4, 1);
insert into DISPONE values (5, 5023516, 3, 3);
insert into DISPONE values (11, 5023516, 4, 4);
insert into DISPONE values (13, 5023516, 4, 1);
insert into DISPONE values (15, 5023528, 2, 2);
insert into DISPONE values (4, 5023528, 5, 5);
insert into DISPONE values (9, 5023528, 5, 5);
insert into DISPONE values (12, 5023528, 3, 3);
insert into DISPONE values (15, 5023540, 2, 2);
insert into DISPONE values (3, 5023540, 5, 3);
insert into DISPONE values (6, 5023540, 2, 0);
insert into DISPONE values (12, 5023540, 4, 4);
insert into DISPONE values (13, 5023540, 4, 4);
insert into DISPONE values (14, 5023540, 5, 5);
insert into DISPONE values (15, 5023552, 4, 4);
insert into DISPONE values (4, 5023552, 3, 3);
insert into DISPONE values (5, 5023552, 3, 3);
insert into DISPONE values (6, 5023552, 3, 3);
insert into DISPONE values (7, 5023552, 2, 1);
insert into DISPONE values (11, 5023552, 4, 4);
insert into DISPONE values (12, 5023552, 3, 3);
insert into DISPONE values (2, 5023564, 1, 1);
insert into DISPONE values (7, 5023564, 3, 3);
insert into DISPONE values (10, 5023564, 1, 1);
insert into DISPONE values (11, 5023564, 4, 4);
insert into DISPONE values (13, 5023564, 5, 5);
insert into DISPONE values (14, 5023564, 4, 4);
insert into DISPONE values (1, 5023576, 5, 2);
insert into DISPONE values (3, 5023576, 2, 2);
insert into DISPONE values (6, 5023576, 4, 4);
insert into DISPONE values (10, 5023576, 5, 5);
insert into DISPONE values (11, 5023576, 5, 5);
insert into DISPONE values (1, 5023588, 4, 2);
insert into DISPONE values (2, 5023588, 1, 1);
insert into DISPONE values (6, 5023588, 1, 1);
insert into DISPONE values (12, 5023588, 3, 3);
insert into DISPONE values (13, 5023588, 1, 1);
insert into DISPONE values (15, 5023600, 2, 2);
insert into DISPONE values (3, 5023600, 4, 4);
insert into DISPONE values (7, 5023600, 5, 2);
insert into DISPONE values (8, 5023600, 4, 4);
insert into DISPONE values (10, 5023600, 5, 5);
insert into DISPONE values (12, 5023600, 1, 0);
insert into DISPONE values (13, 5023600, 3, 1);
insert into DISPONE values (14, 5023600, 4, 4);
insert into DISPONE values (2, 5023612, 1, 1);
insert into DISPONE values (8, 5023612, 5, 5);
insert into DISPONE values (12, 5023612, 4, 4);
insert into DISPONE values (15, 5023624, 2, 2);
insert into DISPONE values (9, 5023624, 5, 5);
insert into DISPONE values (1, 5023636, 5, 4);
insert into DISPONE values (2, 5023636, 4, 4);
insert into DISPONE values (8, 5023636, 1, 0);
insert into DISPONE values (10, 5023636, 3, 3);
insert into DISPONE values (13, 5023636, 3, 3);
insert into DISPONE values (6, 5023648, 1, 1);
insert into DISPONE values (7, 5023648, 1, 0);
insert into DISPONE values (9, 5023648, 3, 3);
insert into DISPONE values (11, 5023648, 3, 3);
insert into DISPONE values (1, 5023660, 1, 1);
insert into DISPONE values (8, 5023660, 1, 1);
insert into DISPONE values (9, 5023660, 4, 2);
insert into DISPONE values (15, 5023672, 4, 4);
insert into DISPONE values (5, 5023672, 2, 2);
insert into DISPONE values (8, 5023672, 5, 5);
insert into DISPONE values (12, 5023672, 3, 3);
insert into DISPONE values (13, 5023672, 5, 5);
insert into DISPONE values (7, 5023684, 3, 3);
insert into DISPONE values (13, 5023684, 5, 5);
insert into DISPONE values (15, 5023696, 1, 1);
insert into DISPONE values (5, 5023696, 5, 2);
insert into DISPONE values (9, 5023696, 4, 4);
insert into DISPONE values (13, 5023696, 3, 3);
insert into DISPONE values (15, 5023708, 4, 4);
insert into DISPONE values (1, 5023708, 2, 2);
insert into DISPONE values (7, 5023708, 4, 4);
insert into DISPONE values (10, 5023708, 3, 2);
insert into DISPONE values (12, 5023708, 4, 3);
insert into DISPONE values (14, 5023708, 1, 1);
insert into DISPONE values (15, 5023720, 3, 3);
insert into DISPONE values (2, 5023720, 4, 4);
insert into DISPONE values (6, 5023720, 2, 2);
insert into DISPONE values (9, 5023720, 5, 5);
insert into DISPONE values (11, 5023720, 5, 2);
insert into DISPONE values (2, 5023732, 1, 1);
insert into DISPONE values (5, 5023732, 4, 4);
insert into DISPONE values (10, 5023732, 4, 4);
insert into DISPONE values (14, 5023732, 4, 2);
insert into DISPONE values (5, 5023744, 1, 1);
insert into DISPONE values (6, 5023744, 3, 2);
insert into DISPONE values (8, 5023744, 1, 1);
insert into DISPONE values (9, 5023744, 1, 1);
insert into DISPONE values (14, 5023744, 5, 5);
insert into DISPONE values (15, 5023756, 4, 4);
insert into DISPONE values (7, 5023756, 2, 2);
insert into DISPONE values (9, 5023756, 4, 4);
insert into DISPONE values (12, 5023756, 1, 1);
insert into DISPONE values (2, 5023768, 4, 4);
insert into DISPONE values (3, 5023768, 2, 2);
insert into DISPONE values (7, 5023768, 5, 2);
insert into DISPONE values (15, 5023780, 1, 1);
insert into DISPONE values (3, 5023780, 3, 1);
insert into DISPONE values (4, 5023780, 3, 3);
insert into DISPONE values (5, 5023780, 4, 4);
insert into DISPONE values (6, 5023780, 5, 5);
insert into DISPONE values (11, 5023780, 4, 4);
insert into DISPONE values (15, 5023792, 2, 2);
insert into DISPONE values (5, 5023792, 5, 5);
insert into DISPONE values (8, 5023792, 3, 3);
insert into DISPONE values (11, 5023792, 3, 0);
insert into DISPONE values (15, 5023804, 1, 0);
insert into DISPONE values (6, 5023804, 3, 3);
insert into DISPONE values (7, 5023804, 3, 3);
insert into DISPONE values (11, 5023804, 1, 1);
insert into DISPONE values (12, 5023804, 4, 4);
insert into DISPONE values (13, 5023804, 5, 1);
insert into DISPONE values (14, 5023804, 1, 1);
insert into DISPONE values (1, 5023816, 4, 4);
insert into DISPONE values (8, 5023816, 4, 4);
insert into DISPONE values (9, 5023816, 3, 3);
insert into DISPONE values (11, 5023816, 3, 3);
insert into DISPONE values (12, 5023816, 3, 3);
insert into DISPONE values (13, 5023816, 2, 2);
insert into DISPONE values (14, 5023816, 2, 2);
insert into DISPONE values (5, 5023828, 4, 4);
insert into DISPONE values (6, 5023828, 5, 5);
insert into DISPONE values (7, 5023828, 4, 1);
insert into DISPONE values (13, 5023828, 1, 0);
insert into DISPONE values (14, 5023828, 1, 1);
insert into DISPONE values (3, 5023840, 4, 4);
insert into DISPONE values (10, 5023840, 2, 0);
insert into DISPONE values (7, 5023852, 5, 1);
insert into DISPONE values (11, 5023852, 5, 5);
insert into DISPONE values (12, 5023852, 2, 2);
insert into DISPONE values (2, 5023864, 5, 3);
insert into DISPONE values (3, 5023864, 5, 5);
insert into DISPONE values (14, 5023864, 2, 2);
insert into DISPONE values (2, 5023876, 5, 2);
insert into DISPONE values (14, 5023876, 3, 3);
insert into DISPONE values (4, 5023888, 1, 1);
insert into DISPONE values (5, 5023888, 4, 3);
insert into DISPONE values (6, 5023888, 1, 1);
insert into DISPONE values (3, 5023900, 2, 2);
insert into DISPONE values (6, 5023900, 5, 5);
insert into DISPONE values (7, 5023900, 1, 1);
insert into DISPONE values (8, 5023900, 2, 2);
insert into DISPONE values (9, 5023900, 2, 2);
insert into DISPONE values (11, 5023900, 2, 2);
insert into DISPONE values (13, 5023900, 1, 1);
insert into DISPONE values (4, 5023912, 4, 4);
insert into DISPONE values (5, 5023912, 2, 2);
insert into DISPONE values (11, 5023912, 1, 1);
insert into DISPONE values (12, 5023912, 2, 2);
insert into DISPONE values (14, 5023912, 3, 3);
insert into DISPONE values (15, 5023924, 2, 2);
insert into DISPONE values (5, 5023924, 1, 1);
insert into DISPONE values (7, 5023924, 3, 3);
insert into DISPONE values (8, 5023924, 3, 3);
insert into DISPONE values (15, 5023936, 3, 3);
insert into DISPONE values (1, 5023936, 4, 0);
insert into DISPONE values (14, 5023936, 5, 5);
insert into DISPONE values (15, 5023948, 5, 5);
insert into DISPONE values (3, 5023948, 4, 4);
insert into DISPONE values (4, 5023948, 3, 3);
insert into DISPONE values (6, 5023948, 1, 1);
insert into DISPONE values (9, 5023948, 3, 3);
insert into DISPONE values (13, 5023948, 4, 4);
insert into DISPONE values (1, 5023960, 1, 1);
insert into DISPONE values (5, 5023960, 4, 4);
insert into DISPONE values (6, 5023960, 3, 3);
insert into DISPONE values (4, 5023972, 5, 5);
insert into DISPONE values (6, 5023972, 3, 3);
insert into DISPONE values (9, 5023972, 2, 2);
insert into DISPONE values (10, 5023972, 1, 1);
insert into DISPONE values (12, 5023972, 2, 0);
insert into DISPONE values (13, 5023972, 3, 3);
insert into DISPONE values (3, 5023984, 2, 2);
insert into DISPONE values (5, 5023984, 5, 4);
insert into DISPONE values (15, 5023996, 3, 3);
insert into DISPONE values (2, 5023996, 2, 2);
insert into DISPONE values (10, 5023996, 1, 1);
insert into DISPONE values (11, 5023996, 1, 1);
insert into DISPONE values (12, 5023996, 5, 5);
insert into DISPONE values (14, 5023996, 4, 4);
insert into DISPONE values (15, 5024008, 2, 2);
insert into DISPONE values (5, 5024008, 2, 2);
insert into DISPONE values (8, 5024008, 5, 5);
insert into DISPONE values (9, 5024008, 5, 5);
insert into DISPONE values (14, 5024008, 2, 2);
insert into DISPONE values (1, 5024020, 1, 0);
insert into DISPONE values (6, 5024020, 5, 1);
insert into DISPONE values (7, 5024020, 1, 1);
insert into DISPONE values (8, 5024020, 1, 1);
insert into DISPONE values (10, 5024020, 1, 1);
insert into DISPONE values (13, 5024020, 3, 3);
insert into DISPONE values (1, 5024032, 3, 3);
insert into DISPONE values (6, 5024032, 1, 1);
insert into DISPONE values (9, 5024032, 3, 3);
insert into DISPONE values (2, 5024044, 3, 3);
insert into DISPONE values (3, 5024044, 2, 2);
insert into DISPONE values (10, 5024044, 5, 5);
insert into DISPONE values (12, 5024044, 3, 3);
insert into DISPONE values (13, 5024044, 1, 1);
insert into DISPONE values (2, 5024056, 1, 1);
insert into DISPONE values (4, 5024056, 1, 1);
insert into DISPONE values (5, 5024056, 3, 3);
insert into DISPONE values (9, 5024056, 1, 1);
insert into DISPONE values (2, 5024068, 3, 3);
insert into DISPONE values (5, 5024068, 2, 2);
insert into DISPONE values (6, 5024068, 5, 5);
insert into DISPONE values (9, 5024068, 1, 1);
insert into DISPONE values (11, 5024068, 1, 1);
insert into DISPONE values (13, 5024068, 5, 5);
insert into DISPONE values (2, 5024080, 5, 5);
insert into DISPONE values (1, 5024092, 5, 5);
insert into DISPONE values (11, 5024092, 4, 4);
insert into DISPONE values (3, 5024104, 3, 3);
insert into DISPONE values (6, 5024104, 5, 5);
insert into DISPONE values (8, 5024104, 1, 1);
insert into DISPONE values (9, 5024104, 1, 1);
insert into DISPONE values (10, 5024104, 5, 5);
insert into DISPONE values (12, 5024104, 4, 2);
insert into DISPONE values (14, 5024104, 1, 1);
insert into DISPONE values (4, 5024116, 1, 1);
insert into DISPONE values (6, 5024116, 2, 2);
insert into DISPONE values (7, 5024116, 3, 3);
insert into DISPONE values (9, 5024116, 5, 5);
insert into DISPONE values (10, 5024116, 3, 2);
insert into DISPONE values (12, 5024116, 4, 4);
insert into DISPONE values (15, 5024128, 4, 4);
insert into DISPONE values (2, 5024128, 2, 2);
insert into DISPONE values (3, 5024128, 2, 2);
insert into DISPONE values (3, 5024140, 1, 1);
insert into DISPONE values (7, 5024140, 4, 4);
insert into DISPONE values (9, 5024140, 1, 1);
insert into DISPONE values (6, 5024152, 2, 0);
insert into DISPONE values (7, 5024152, 4, 4);
insert into DISPONE values (8, 5024152, 3, 3);
insert into DISPONE values (13, 5024152, 2, 2);
insert into DISPONE values (14, 5024152, 4, 4);
insert into DISPONE values (2, 5024164, 1, 1);
insert into DISPONE values (12, 5024164, 1, 1);
insert into DISPONE values (14, 5024164, 3, 3);
insert into DISPONE values (2, 5024176, 5, 5);
insert into DISPONE values (7, 5024176, 1, 1);
insert into DISPONE values (11, 5024176, 5, 5);
insert into DISPONE values (2, 5024188, 3, 3);
insert into DISPONE values (3, 5024188, 4, 4);
insert into DISPONE values (4, 5024188, 3, 3);
insert into DISPONE values (12, 5024188, 5, 5);
insert into DISPONE values (1, 5024200, 5, 5);
insert into DISPONE values (6, 5024200, 5, 5);
insert into DISPONE values (7, 5024200, 3, 3);
insert into DISPONE values (11, 5024200, 3, 3);
insert into DISPONE values (13, 5024200, 5, 5);
insert into DISPONE values (8, 5024212, 4, 4);
insert into DISPONE values (10, 5024212, 4, 4);
insert into DISPONE values (1, 5024224, 1, 1);
insert into DISPONE values (2, 5024224, 3, 3);
insert into DISPONE values (8, 5024224, 4, 2);
insert into DISPONE values (12, 5024224, 2, 2);
insert into DISPONE values (13, 5024224, 4, 4);
insert into DISPONE values (15, 5024236, 5, 5);
insert into DISPONE values (7, 5024236, 2, 2);
insert into DISPONE values (14, 5024236, 5, 5);
insert into DISPONE values (1, 5024248, 3, 3);
insert into DISPONE values (6, 5024260, 2, 2);
insert into DISPONE values (11, 5024260, 5, 5);
insert into DISPONE values (15, 5024272, 2, 2);
insert into DISPONE values (2, 5024272, 5, 5);
insert into DISPONE values (6, 5024272, 3, 3);
insert into DISPONE values (9, 5024272, 5, 5);
insert into DISPONE values (1, 5024284, 2, 2);
insert into DISPONE values (6, 5024284, 1, 1);
insert into DISPONE values (8, 5024284, 3, 3);
insert into DISPONE values (11, 5024284, 2, 2);
insert into DISPONE values (13, 5024284, 3, 3);
insert into DISPONE values (1, 5024296, 2, 2);
insert into DISPONE values (4, 5024296, 3, 3);
insert into DISPONE values (8, 5024296, 3, 3);
insert into DISPONE values (3, 5024308, 4, 4);
insert into DISPONE values (11, 5024308, 5, 5);
insert into DISPONE values (12, 5024308, 3, 3);
insert into DISPONE values (13, 5024308, 1, 1);
insert into DISPONE values (14, 5024308, 4, 4);
insert into DISPONE values (15, 5024320, 1, 1);
insert into DISPONE values (3, 5024320, 2, 2);
insert into DISPONE values (5, 5024320, 2, 2);
insert into DISPONE values (6, 5024320, 2, 2);
insert into DISPONE values (10, 5024320, 4, 4);
insert into DISPONE values (15, 5024332, 5, 5);
insert into DISPONE values (1, 5024332, 1, 0);
insert into DISPONE values (4, 5024332, 5, 5);
insert into DISPONE values (8, 5024332, 2, 2);
insert into DISPONE values (9, 5024332, 2, 2);
insert into DISPONE values (13, 5024332, 4, 4);
insert into DISPONE values (14, 5024332, 1, 1);
insert into DISPONE values (1, 5024344, 5, 5);
insert into DISPONE values (2, 5024344, 1, 1);
insert into DISPONE values (6, 5024344, 4, 4);
insert into DISPONE values (10, 5024344, 4, 4);
insert into DISPONE values (3, 5024356, 5, 5);
insert into DISPONE values (8, 5024356, 4, 2);
insert into DISPONE values (11, 5024356, 4, 4);
insert into DISPONE values (13, 5024356, 5, 5);
insert into DISPONE values (15, 5024368, 1, 1);
insert into DISPONE values (1, 5024368, 5, 5);
insert into DISPONE values (7, 5024368, 4, 4);
insert into DISPONE values (14, 5024368, 5, 2);
insert into DISPONE values (2, 5024380, 1, 1);
insert into DISPONE values (3, 5024380, 3, 3);
insert into DISPONE values (5, 5024380, 5, 5);
insert into DISPONE values (6, 5024380, 4, 4);
insert into DISPONE values (7, 5024380, 3, 1);
insert into DISPONE values (15, 5024392, 2, 2);
insert into DISPONE values (1, 5024392, 3, 3);
insert into DISPONE values (5, 5024392, 4, 4);
insert into DISPONE values (9, 5024392, 2, 2);
insert into DISPONE values (15, 5024404, 4, 4);
insert into DISPONE values (9, 5024404, 2, 2);
insert into DISPONE values (13, 5024404, 5, 5);
insert into DISPONE values (15, 5024416, 3, 3);
insert into DISPONE values (4, 5024416, 3, 3);
insert into DISPONE values (9, 5024416, 2, 2);
insert into DISPONE values (10, 5024416, 3, 3);
insert into DISPONE values (14, 5024416, 1, 1);
insert into DISPONE values (5, 5024428, 2, 0);
insert into DISPONE values (7, 5024428, 5, 5);
insert into DISPONE values (9, 5024428, 4, 4);
insert into DISPONE values (13, 5024428, 2, 2);
insert into DISPONE values (14, 5024428, 2, 2);
insert into DISPONE values (7, 5024440, 5, 5);
insert into DISPONE values (13, 5024440, 4, 4);
insert into DISPONE values (14, 5024440, 3, 3);
insert into DISPONE values (1, 5024452, 1, 1);
insert into DISPONE values (2, 5024452, 4, 1);
insert into DISPONE values (7, 5024452, 4, 4);
insert into DISPONE values (9, 5024452, 3, 3);
insert into DISPONE values (11, 5024452, 2, 2);
insert into DISPONE values (12, 5024452, 3, 3);
insert into DISPONE values (13, 5024452, 1, 1);
insert into DISPONE values (10, 5024464, 2, 2);
insert into DISPONE values (13, 5024464, 5, 5);
insert into DISPONE values (15, 5024476, 1, 1);
insert into DISPONE values (2, 5024476, 5, 5);
insert into DISPONE values (7, 5024476, 4, 4);
insert into DISPONE values (11, 5024476, 1, 1);
insert into DISPONE values (6, 5024488, 3, 3);
insert into DISPONE values (7, 5024488, 3, 3);
insert into DISPONE values (8, 5024488, 1, 1);
insert into DISPONE values (15, 5024500, 4, 4);
insert into DISPONE values (2, 5024500, 1, 1);
insert into DISPONE values (5, 5024500, 3, 3);
insert into DISPONE values (7, 5024500, 4, 4);
insert into DISPONE values (11, 5024500, 3, 3);
insert into DISPONE values (13, 5024500, 1, 1);
insert into DISPONE values (14, 5024500, 3, 3);
insert into DISPONE values (15, 5024512, 1, 1);
insert into DISPONE values (1, 5024512, 3, 3);
insert into DISPONE values (3, 5024512, 1, 1);
insert into DISPONE values (7, 5024512, 3, 3);
insert into DISPONE values (9, 5024512, 2, 2);
insert into DISPONE values (10, 5024512, 3, 3);
insert into DISPONE values (12, 5024512, 5, 5);
insert into DISPONE values (15, 5024524, 5, 5);
insert into DISPONE values (2, 5024524, 1, 1);
insert into DISPONE values (3, 5024524, 5, 5);
insert into DISPONE values (4, 5024524, 2, 2);
insert into DISPONE values (6, 5024524, 5, 5);
insert into DISPONE values (8, 5024524, 1, 1);
insert into DISPONE values (10, 5024524, 4, 4);
insert into DISPONE values (12, 5024524, 1, 1);
insert into DISPONE values (13, 5024524, 5, 5);
insert into DISPONE values (6, 5024536, 5, 5);
insert into DISPONE values (8, 5024536, 3, 3);
insert into DISPONE values (9, 5024536, 3, 3);
insert into DISPONE values (10, 5024536, 4, 4);
insert into DISPONE values (1, 5024548, 1, 1);
insert into DISPONE values (3, 5024548, 1, 1);
insert into DISPONE values (7, 5024548, 3, 2);
insert into DISPONE values (8, 5024548, 4, 1);
insert into DISPONE values (9, 5024548, 2, 2);
insert into DISPONE values (10, 5024548, 2, 2);
insert into DISPONE values (11, 5024548, 4, 4);
insert into DISPONE values (15, 5024560, 5, 5);
insert into DISPONE values (1, 5024560, 2, 2);
insert into DISPONE values (3, 5024560, 3, 3);
insert into DISPONE values (7, 5024560, 5, 5);
insert into DISPONE values (12, 5024560, 1, 1);
insert into DISPONE values (2, 5024572, 1, 1);
insert into DISPONE values (5, 5024572, 5, 5);
insert into DISPONE values (8, 5024572, 2, 2);
insert into DISPONE values (11, 5024572, 4, 4);
insert into DISPONE values (2, 5024584, 2, 2);
insert into DISPONE values (4, 5024584, 3, 3);
insert into DISPONE values (5, 5024584, 5, 5);
insert into DISPONE values (7, 5024584, 3, 3);
insert into DISPONE values (8, 5024584, 5, 5);
insert into DISPONE values (15, 5024596, 4, 4);
insert into DISPONE values (1, 5024596, 5, 5);
insert into DISPONE values (2, 5024596, 5, 5);
insert into DISPONE values (5, 5024596, 5, 5);
insert into DISPONE values (9, 5024596, 5, 5);
insert into DISPONE values (14, 5024596, 5, 3);
insert into DISPONE values (2, 5024608, 1, 1);
insert into DISPONE values (4, 5024608, 4, 4);
insert into DISPONE values (12, 5024608, 1, 1);
insert into DISPONE values (13, 5024608, 3, 3);
insert into DISPONE values (2, 5024620, 1, 1);
insert into DISPONE values (3, 5024620, 4, 2);
insert into DISPONE values (5, 5024620, 1, 1);
insert into DISPONE values (7, 5024620, 4, 4);
insert into DISPONE values (8, 5024620, 3, 3);
insert into DISPONE values (10, 5024620, 1, 1);
insert into DISPONE values (13, 5024620, 2, 2);
insert into DISPONE values (2, 5024632, 3, 3);
insert into DISPONE values (5, 5024632, 2, 2);
insert into DISPONE values (7, 5024632, 3, 2);
insert into DISPONE values (8, 5024632, 2, 2);
insert into DISPONE values (10, 5024632, 4, 4);
insert into DISPONE values (11, 5024632, 3, 3);
insert into DISPONE values (14, 5024632, 4, 4);
insert into DISPONE values (7, 5024644, 1, 1);
insert into DISPONE values (9, 5024644, 4, 4);
insert into DISPONE values (10, 5024644, 1, 1);
insert into DISPONE values (12, 5024644, 4, 4);
insert into DISPONE values (13, 5024644, 5, 5);
insert into DISPONE values (1, 5024656, 4, 4);
insert into DISPONE values (2, 5024656, 3, 3);
insert into DISPONE values (3, 5024656, 5, 5);
insert into DISPONE values (8, 5024656, 1, 1);
insert into DISPONE values (9, 5024656, 3, 3);
insert into DISPONE values (1, 5024668, 5, 5);
insert into DISPONE values (5, 5024668, 2, 2);
insert into DISPONE values (12, 5024668, 3, 3);
insert into DISPONE values (14, 5024668, 3, 3);
insert into DISPONE values (1, 5024680, 3, 3);
insert into DISPONE values (6, 5024680, 3, 3);
insert into DISPONE values (9, 5024680, 1, 1);
insert into DISPONE values (10, 5024680, 4, 4);
insert into DISPONE values (12, 5024680, 5, 5);
insert into DISPONE values (2, 5024692, 5, 3);
insert into DISPONE values (3, 5024692, 2, 2);
insert into DISPONE values (4, 5024692, 2, 2);
insert into DISPONE values (6, 5024692, 2, 2);
insert into DISPONE values (9, 5024692, 5, 5);
insert into DISPONE values (11, 5024692, 3, 3);
insert into DISPONE values (13, 5024692, 4, 4);
insert into DISPONE values (15, 5024704, 3, 3);
insert into DISPONE values (1, 5024704, 1, 1);
insert into DISPONE values (3, 5024704, 1, 0);
insert into DISPONE values (5, 5024704, 4, 4);
insert into DISPONE values (13, 5024704, 5, 5);
insert into DISPONE values (14, 5024704, 3, 3);
insert into DISPONE values (2, 5024716, 4, 4);
insert into DISPONE values (5, 5024716, 3, 3);
insert into DISPONE values (7, 5024716, 1, 1);
insert into DISPONE values (8, 5024716, 5, 2);
insert into DISPONE values (9, 5024716, 1, 1);
insert into DISPONE values (15, 5024728, 4, 4);
insert into DISPONE values (7, 5024728, 4, 4);
insert into DISPONE values (11, 5024728, 5, 5);
insert into DISPONE values (12, 5024728, 3, 0);
insert into DISPONE values (14, 5024728, 4, 0);
insert into DISPONE values (15, 5024740, 4, 4);
insert into DISPONE values (1, 5024740, 3, 3);
insert into DISPONE values (2, 5024740, 4, 4);
insert into DISPONE values (4, 5024740, 3, 3);
insert into DISPONE values (9, 5024740, 3, 3);
insert into DISPONE values (12, 5024740, 3, 3);
insert into DISPONE values (13, 5024740, 1, 0);
insert into DISPONE values (14, 5024740, 2, 2);
insert into DISPONE values (4, 5024752, 2, 2);
insert into DISPONE values (6, 5024752, 2, 2);
insert into DISPONE values (8, 5024752, 3, 3);
insert into DISPONE values (11, 5024752, 5, 1);
insert into DISPONE values (12, 5024752, 1, 1);
insert into DISPONE values (13, 5024752, 2, 0);
insert into DISPONE values (14, 5024752, 3, 3);
insert into DISPONE values (2, 5024764, 2, 2);
insert into DISPONE values (6, 5024764, 3, 1);
insert into DISPONE values (8, 5024764, 1, 1);
insert into DISPONE values (10, 5024764, 5, 5);
insert into DISPONE values (11, 5024764, 2, 2);
insert into DISPONE values (7, 5024776, 4, 4);
insert into DISPONE values (11, 5024776, 2, 0);
insert into DISPONE values (5, 5024788, 3, 3);
insert into DISPONE values (8, 5024788, 1, 1);
insert into DISPONE values (2, 5024800, 1, 1);
insert into DISPONE values (8, 5024800, 2, 2);
insert into DISPONE values (3, 5024812, 1, 1);
insert into DISPONE values (15, 5024824, 2, 2);
insert into DISPONE values (4, 5024824, 2, 2);
insert into DISPONE values (7, 5024824, 2, 2);
insert into DISPONE values (8, 5024824, 5, 5);
insert into DISPONE values (13, 5024824, 4, 4);
insert into DISPONE values (15, 5024836, 3, 3);
insert into DISPONE values (1, 5024836, 3, 3);
insert into DISPONE values (5, 5024836, 2, 2);
insert into DISPONE values (11, 5024836, 2, 2);
insert into DISPONE values (15, 5024848, 2, 2);
insert into DISPONE values (4, 5024848, 2, 2);
insert into DISPONE values (6, 5024848, 2, 2);
insert into DISPONE values (10, 5024848, 5, 5);
insert into DISPONE values (12, 5024848, 4, 4);
insert into DISPONE values (14, 5024848, 1, 1);
insert into DISPONE values (15, 5024860, 4, 4);
insert into DISPONE values (2, 5024860, 5, 5);
insert into DISPONE values (6, 5024860, 1, 1);
insert into DISPONE values (7, 5024860, 3, 3);
insert into DISPONE values (15, 5024872, 5, 5);
insert into DISPONE values (1, 5024872, 1, 1);
insert into DISPONE values (2, 5024872, 4, 4);
insert into DISPONE values (3, 5024872, 4, 2);
insert into DISPONE values (5, 5024872, 2, 2);
insert into DISPONE values (6, 5024872, 4, 4);
insert into DISPONE values (8, 5024872, 2, 2);
insert into DISPONE values (11, 5024872, 2, 2);
insert into DISPONE values (12, 5024872, 2, 2);
insert into DISPONE values (14, 5024872, 1, 1);
insert into DISPONE values (2, 5024884, 3, 3);
insert into DISPONE values (7, 5024884, 2, 2);
insert into DISPONE values (9, 5024884, 1, 1);
insert into DISPONE values (13, 5024884, 3, 3);
insert into DISPONE values (15, 5024896, 1, 1);
insert into DISPONE values (9, 5024896, 2, 2);
insert into DISPONE values (10, 5024896, 3, 3);
insert into DISPONE values (13, 5024896, 4, 3);
insert into DISPONE values (15, 5024908, 3, 0);
insert into DISPONE values (1, 5024908, 1, 1);
insert into DISPONE values (7, 5024908, 5, 5);
insert into DISPONE values (9, 5024908, 4, 2);
insert into DISPONE values (2, 5024920, 4, 4);
insert into DISPONE values (5, 5024920, 1, 0);
insert into DISPONE values (8, 5024920, 1, 1);
insert into DISPONE values (9, 5024920, 2, 2);
insert into DISPONE values (10, 5024920, 4, 4);
insert into DISPONE values (12, 5024920, 1, 0);
insert into DISPONE values (5, 5024932, 1, 1);
insert into DISPONE values (8, 5024932, 4, 0);
insert into DISPONE values (12, 5024932, 2, 1);
insert into DISPONE values (15, 5024944, 1, 1);
insert into DISPONE values (2, 5024944, 4, 4);
insert into DISPONE values (8, 5024944, 4, 1);
insert into DISPONE values (12, 5024944, 3, 3);
insert into DISPONE values (14, 5024944, 3, 0);
insert into DISPONE values (2, 5024956, 5, 5);
insert into DISPONE values (10, 5024956, 5, 5);
insert into DISPONE values (14, 5024956, 1, 1);
insert into DISPONE values (9, 5024968, 2, 2);
insert into DISPONE values (1, 5024980, 2, 2);
insert into DISPONE values (5, 5024980, 3, 3);
insert into DISPONE values (11, 5024980, 4, 4);
insert into DISPONE values (12, 5024980, 1, 1);
insert into DISPONE values (9, 5024992, 2, 2);
insert into DISPONE values (11, 5024992, 2, 2);
insert into DISPONE values (13, 5024992, 1, 1);
insert into DISPONE values (14, 5024992, 2, 2);
insert into DISPONE values (15, 5025004, 3, 3);
insert into DISPONE values (1, 5025004, 4, 4);
insert into DISPONE values (12, 5025004, 4, 4);
insert into DISPONE values (1, 5025016, 3, 3);
insert into DISPONE values (3, 5025016, 5, 5);
insert into DISPONE values (9, 5025016, 5, 5);
insert into DISPONE values (10, 5025016, 3, 3);
insert into DISPONE values (15, 5025028, 4, 4);
insert into DISPONE values (1, 5025028, 4, 4);
insert into DISPONE values (6, 5025028, 4, 4);
insert into DISPONE values (11, 5025028, 2, 2);
insert into DISPONE values (15, 5025040, 5, 3);
insert into DISPONE values (4, 5025040, 2, 0);
insert into DISPONE values (9, 5025040, 3, 3);
insert into DISPONE values (12, 5025040, 3, 3);
insert into DISPONE values (1, 5025052, 2, 2);
insert into DISPONE values (2, 5025052, 3, 3);
insert into DISPONE values (4, 5025052, 1, 1);
insert into DISPONE values (8, 5025052, 5, 5);
insert into DISPONE values (9, 5025052, 1, 1);
insert into DISPONE values (11, 5025052, 5, 5);
insert into DISPONE values (13, 5025052, 4, 4);
insert into DISPONE values (15, 5025064, 2, 2);
insert into DISPONE values (3, 5025064, 4, 4);
insert into DISPONE values (4, 5025064, 5, 5);
insert into DISPONE values (5, 5025064, 1, 1);
insert into DISPONE values (6, 5025064, 3, 3);
insert into DISPONE values (7, 5025064, 1, 1);
insert into DISPONE values (9, 5025064, 1, 1);
insert into DISPONE values (3, 5025076, 5, 5);
insert into DISPONE values (6, 5025076, 5, 5);
insert into DISPONE values (9, 5025076, 1, 1);
insert into DISPONE values (10, 5025076, 3, 3);
insert into DISPONE values (11, 5025076, 3, 3);
insert into DISPONE values (12, 5025076, 3, 3);
insert into DISPONE values (8, 5025088, 5, 5);
insert into DISPONE values (9, 5025088, 3, 0);
insert into DISPONE values (1, 5025100, 5, 5);
insert into DISPONE values (9, 5025100, 1, 1);
insert into DISPONE values (14, 5025100, 5, 4);
insert into DISPONE values (15, 5025112, 3, 3);
insert into DISPONE values (2, 5025112, 3, 3);
insert into DISPONE values (6, 5025112, 4, 4);
insert into DISPONE values (7, 5025112, 4, 1);
insert into DISPONE values (11, 5025112, 2, 2);
insert into DISPONE values (1, 5025124, 1, 1);
insert into DISPONE values (11, 5025124, 4, 4);
insert into DISPONE values (13, 5025124, 4, 4);
insert into DISPONE values (14, 5025124, 4, 4);
insert into DISPONE values (7, 5025136, 1, 0);
insert into DISPONE values (12, 5025136, 1, 1);
insert into DISPONE values (13, 5025136, 2, 2);
insert into DISPONE values (1, 5025148, 5, 5);
insert into DISPONE values (2, 5025148, 5, 3);
insert into DISPONE values (4, 5025148, 5, 5);
insert into DISPONE values (5, 5025148, 4, 3);
insert into DISPONE values (7, 5025148, 1, 1);
insert into DISPONE values (8, 5025148, 3, 3);
insert into DISPONE values (10, 5025148, 3, 3);
insert into DISPONE values (13, 5025148, 4, 4);
insert into DISPONE values (5, 5025160, 5, 5);
insert into DISPONE values (12, 5025160, 3, 3);
insert into DISPONE values (2, 5025172, 2, 2);
insert into DISPONE values (4, 5025172, 4, 4);
insert into DISPONE values (1, 5025184, 2, 2);
insert into DISPONE values (4, 5025184, 5, 5);
insert into DISPONE values (9, 5025184, 3, 3);
insert into DISPONE values (11, 5025184, 1, 1);
insert into DISPONE values (13, 5025184, 2, 2);
insert into DISPONE values (14, 5025184, 3, 3);
insert into DISPONE values (15, 5025208, 3, 3);
insert into DISPONE values (2, 5025208, 5, 5);
insert into DISPONE values (4, 5025208, 3, 0);
insert into DISPONE values (5, 5025208, 2, 2);
insert into DISPONE values (9, 5025208, 1, 1);
insert into DISPONE values (13, 5025208, 4, 4);
insert into DISPONE values (14, 5025208, 1, 0);
insert into DISPONE values (15, 5025220, 4, 4);
insert into DISPONE values (7, 5025220, 3, 3);
insert into DISPONE values (9, 5025220, 3, 3);
insert into DISPONE values (12, 5025220, 4, 4);
insert into DISPONE values (1, 5025232, 2, 2);
insert into DISPONE values (10, 5025232, 1, 1);
insert into DISPONE values (12, 5025232, 2, 2);
insert into DISPONE values (14, 5025232, 2, 2);
insert into DISPONE values (1, 5025244, 4, 4);
insert into DISPONE values (3, 5025244, 2, 0);
insert into DISPONE values (6, 5025244, 3, 3);
insert into DISPONE values (15, 5025256, 3, 0);
insert into DISPONE values (2, 5025256, 4, 4);
insert into DISPONE values (4, 5025256, 2, 2);
insert into DISPONE values (5, 5025256, 5, 5);
insert into DISPONE values (7, 5025256, 3, 3);
insert into DISPONE values (8, 5025256, 3, 3);
insert into DISPONE values (9, 5025256, 2, 2);
insert into DISPONE values (10, 5025256, 5, 5);
insert into DISPONE values (12, 5025256, 4, 2);
insert into DISPONE values (14, 5025256, 4, 4);
insert into DISPONE values (15, 5025268, 3, 3);
insert into DISPONE values (1, 5025268, 2, 2);
insert into DISPONE values (2, 5025268, 1, 1);
insert into DISPONE values (5, 5025268, 5, 5);
insert into DISPONE values (6, 5025268, 1, 0);
insert into DISPONE values (7, 5025268, 1, 1);
insert into DISPONE values (2, 5025280, 3, 3);
insert into DISPONE values (6, 5025280, 4, 4);
insert into DISPONE values (7, 5025280, 3, 3);
insert into DISPONE values (10, 5025280, 1, 1);
insert into DISPONE values (14, 5025280, 2, 2);
insert into DISPONE values (15, 5025292, 3, 3);
insert into DISPONE values (2, 5025292, 2, 0);
insert into DISPONE values (8, 5025292, 4, 4);
insert into DISPONE values (9, 5025292, 3, 3);
insert into DISPONE values (14, 5025292, 2, 2);
insert into DISPONE values (3, 5025304, 2, 1);
insert into DISPONE values (11, 5025304, 1, 1);
insert into DISPONE values (5, 5025316, 2, 0);
insert into DISPONE values (6, 5025316, 2, 2);
insert into DISPONE values (3, 5025328, 4, 4);
insert into DISPONE values (4, 5025328, 2, 2);
insert into DISPONE values (12, 5025328, 3, 3);
insert into DISPONE values (13, 5025328, 4, 4);
insert into DISPONE values (15, 5025340, 2, 2);
insert into DISPONE values (1, 5025340, 3, 0);
insert into DISPONE values (4, 5025340, 2, 2);
insert into DISPONE values (10, 5025340, 5, 5);
insert into DISPONE values (11, 5025340, 5, 5);
insert into DISPONE values (2, 5025352, 5, 5);
insert into DISPONE values (3, 5025352, 3, 3);
insert into DISPONE values (5, 5025352, 1, 1);
insert into DISPONE values (11, 5025352, 1, 0);
insert into DISPONE values (15, 5025364, 2, 2);
insert into DISPONE values (3, 5025364, 1, 1);
insert into DISPONE values (9, 5025364, 2, 1);
insert into DISPONE values (12, 5025364, 2, 2);
insert into DISPONE values (4, 5025376, 2, 0);
insert into DISPONE values (11, 5025376, 2, 2);
insert into DISPONE values (12, 5025376, 5, 3);
insert into DISPONE values (14, 5025376, 5, 5);
insert into DISPONE values (10, 5025388, 2, 2);
insert into DISPONE values (11, 5025388, 5, 5);
insert into DISPONE values (13, 5025388, 4, 1);
insert into DISPONE values (14, 5025388, 3, 2);
insert into DISPONE values (1, 5025400, 2, 2);
insert into DISPONE values (2, 5025400, 4, 4);
insert into DISPONE values (3, 5025400, 1, 1);
insert into DISPONE values (6, 5025400, 2, 2);
insert into DISPONE values (9, 5025400, 5, 5);
insert into DISPONE values (2, 5025412, 3, 3);
insert into DISPONE values (14, 5025412, 1, 1);
insert into DISPONE values (4, 5025424, 4, 4);
insert into DISPONE values (6, 5025424, 4, 4);
insert into DISPONE values (7, 5025424, 2, 2);
insert into DISPONE values (8, 5025424, 2, 2);
insert into DISPONE values (14, 5025424, 2, 2);
insert into DISPONE values (3, 5025436, 2, 1);
insert into DISPONE values (5, 5025436, 5, 5);
insert into DISPONE values (8, 5025436, 5, 5);
insert into DISPONE values (10, 5025436, 4, 4);
insert into DISPONE values (13, 5025436, 4, 4);
insert into DISPONE values (2, 5025448, 3, 3);
insert into DISPONE values (3, 5025448, 3, 3);
insert into DISPONE values (11, 5025448, 4, 4);
insert into DISPONE values (15, 5025460, 2, 2);
insert into DISPONE values (2, 5025460, 2, 1);
insert into DISPONE values (3, 5025460, 1, 1);
insert into DISPONE values (4, 5025460, 3, 3);
insert into DISPONE values (6, 5025460, 5, 5);
insert into DISPONE values (8, 5025460, 1, 1);
insert into DISPONE values (13, 5025460, 5, 5);
insert into DISPONE values (14, 5025460, 2, 2);
insert into DISPONE values (6, 5025472, 2, 2);
insert into DISPONE values (9, 5025472, 1, 1);
insert into DISPONE values (12, 5025472, 4, 2);
insert into DISPONE values (3, 5025484, 4, 4);
insert into DISPONE values (4, 5025484, 4, 4);
insert into DISPONE values (12, 5025484, 1, 1);
insert into DISPONE values (1, 5025496, 4, 4);
insert into DISPONE values (6, 5025496, 2, 1);
insert into DISPONE values (7, 5025496, 3, 3);
insert into DISPONE values (9, 5025496, 2, 1);
insert into DISPONE values (13, 5025496, 5, 5);
insert into DISPONE values (8, 5025508, 3, 3);
insert into DISPONE values (15, 5025520, 4, 4);
insert into DISPONE values (4, 5025520, 2, 0);
insert into DISPONE values (9, 5025520, 1, 1);
insert into DISPONE values (12, 5025520, 2, 2);
insert into DISPONE values (13, 5025520, 2, 2);
insert into DISPONE values (14, 5025520, 2, 2);
insert into DISPONE values (6, 5025532, 3, 3);
insert into DISPONE values (7, 5025532, 1, 1);
insert into DISPONE values (8, 5025532, 4, 4);
insert into DISPONE values (12, 5025532, 2, 2);
insert into DISPONE values (15, 5025544, 3, 3);
insert into DISPONE values (4, 5025544, 1, 1);
insert into DISPONE values (5, 5025544, 4, 3);
insert into DISPONE values (1, 5025556, 4, 4);
insert into DISPONE values (6, 5025556, 3, 3);
insert into DISPONE values (7, 5025556, 1, 0);
insert into DISPONE values (9, 5025556, 3, 3);
insert into DISPONE values (10, 5025556, 4, 4);
insert into DISPONE values (12, 5025556, 4, 4);
insert into DISPONE values (13, 5025556, 5, 5);
insert into DISPONE values (15, 5025568, 4, 4);
insert into DISPONE values (1, 5025568, 4, 4);
insert into DISPONE values (5, 5025568, 3, 3);
insert into DISPONE values (10, 5025568, 3, 3);
insert into DISPONE values (2, 5025580, 1, 1);
insert into DISPONE values (3, 5025580, 5, 5);
insert into DISPONE values (6, 5025580, 3, 3);
insert into DISPONE values (11, 5025580, 4, 4);
insert into DISPONE values (13, 5025580, 4, 4);
insert into DISPONE values (14, 5025580, 5, 5);
insert into DISPONE values (1, 5025592, 5, 5);
insert into DISPONE values (3, 5025592, 5, 5);
insert into DISPONE values (7, 5025592, 4, 4);
insert into DISPONE values (12, 5025592, 2, 2);
insert into DISPONE values (13, 5025592, 4, 4);
insert into DISPONE values (14, 5025592, 3, 3);
insert into DISPONE values (2, 5025604, 5, 5);
insert into DISPONE values (3, 5025604, 4, 4);
insert into DISPONE values (8, 5025604, 2, 2);
insert into DISPONE values (10, 5025604, 3, 3);
insert into DISPONE values (11, 5025604, 3, 0);
insert into DISPONE values (1, 5025616, 2, 0);
insert into DISPONE values (6, 5025616, 5, 5);
insert into DISPONE values (9, 5025616, 3, 3);
insert into DISPONE values (10, 5025616, 2, 2);
insert into DISPONE values (3, 5025628, 3, 3);
insert into DISPONE values (5, 5025628, 4, 4);
insert into DISPONE values (6, 5025628, 1, 1);
insert into DISPONE values (4, 5025640, 5, 5);
insert into DISPONE values (8, 5025640, 3, 3);
insert into DISPONE values (10, 5025640, 1, 1);
insert into DISPONE values (13, 5025640, 4, 4);
insert into DISPONE values (14, 5025640, 2, 2);
insert into DISPONE values (15, 5025652, 3, 3);
insert into DISPONE values (1, 5025652, 4, 4);
insert into DISPONE values (2, 5025652, 1, 0);
insert into DISPONE values (4, 5025652, 3, 3);
insert into DISPONE values (12, 5025652, 2, 2);
insert into DISPONE values (15, 5025664, 4, 4);
insert into DISPONE values (2, 5025664, 2, 0);
insert into DISPONE values (3, 5025664, 5, 5);
insert into DISPONE values (9, 5025664, 2, 2);
insert into DISPONE values (13, 5025664, 2, 0);
insert into DISPONE values (14, 5025664, 2, 2);
insert into DISPONE values (1, 5025676, 2, 2);
insert into DISPONE values (10, 5025676, 5, 5);
insert into DISPONE values (2, 5025688, 4, 4);
insert into DISPONE values (7, 5025688, 1, 1);
insert into DISPONE values (8, 5025688, 3, 3);
insert into DISPONE values (10, 5025688, 3, 3);
insert into DISPONE values (14, 5025688, 2, 2);
insert into DISPONE values (4, 5025700, 4, 4);
insert into DISPONE values (6, 5025700, 3, 3);
insert into DISPONE values (10, 5025700, 2, 2);
insert into DISPONE values (13, 5025712, 4, 4);
insert into DISPONE values (2, 5025724, 3, 3);
insert into DISPONE values (5, 5025724, 3, 3);
insert into DISPONE values (12, 5025724, 2, 2);
insert into DISPONE values (13, 5025724, 2, 2);
insert into DISPONE values (1, 5025736, 3, 3);
insert into DISPONE values (6, 5025736, 4, 1);
insert into DISPONE values (7, 5025736, 3, 3);
insert into DISPONE values (10, 5025736, 3, 3);
insert into DISPONE values (15, 5025748, 2, 2);
insert into DISPONE values (4, 5025748, 5, 5);
insert into DISPONE values (8, 5025748, 1, 0);
insert into DISPONE values (6, 5025760, 2, 2);
insert into DISPONE values (9, 5025760, 2, 2);
insert into DISPONE values (11, 5025760, 5, 3);
insert into DISPONE values (14, 5025760, 5, 5);
insert into DISPONE values (1, 5025772, 2, 2);
insert into DISPONE values (4, 5025772, 4, 4);
insert into DISPONE values (7, 5025772, 5, 5);
insert into DISPONE values (10, 5025772, 4, 4);
insert into DISPONE values (11, 5025772, 5, 5);
insert into DISPONE values (2, 5025784, 3, 3);
insert into DISPONE values (3, 5025784, 3, 3);
insert into DISPONE values (6, 5025784, 4, 4);
insert into DISPONE values (9, 5025784, 1, 1);
insert into DISPONE values (1, 5025796, 5, 5);
insert into DISPONE values (5, 5025796, 5, 5);
insert into DISPONE values (10, 5025796, 4, 4);
insert into DISPONE values (12, 5025796, 4, 4);
insert into DISPONE values (14, 5025796, 3, 3);
insert into DISPONE values (15, 5025808, 3, 2);
insert into DISPONE values (1, 5025808, 1, 0);
insert into DISPONE values (2, 5025808, 2, 0);
insert into DISPONE values (10, 5025808, 5, 5);
insert into DISPONE values (13, 5025808, 4, 4);
insert into DISPONE values (15, 5025820, 4, 4);
insert into DISPONE values (7, 5025820, 3, 3);
insert into DISPONE values (9, 5025820, 5, 5);
insert into DISPONE values (12, 5025820, 3, 0);
insert into DISPONE values (1, 256418, 5, 5);
insert into DISPONE values (2, 256418, 1, 1);
insert into DISPONE values (7, 256418, 5, 4);
insert into DISPONE values (8, 256418, 4, 4);
insert into DISPONE values (10, 256418, 1, 0);


/****** CARGA DE LA TABLA LECTOR ******/


insert into LECTOR values (773983,'JOSE MIGUEL','PARDO','RIVAS','AV. DE ALEMANIA,7-5?? A','SALAMANCA','SALAMANCA',str_to_date('20-5-87', '%d-%m-%y'));
insert into LECTOR values (7839293,'MANUEL','GASTON','BURILLO','PIZARRO, 5','SALAMANCA','SALAMANCA',str_to_date('01-8-87', '%d-%m-%y'));
insert into LECTOR values (11932930,'JOSE','HERNANDEZ','BERMEJO','SALESAS, 15','CANTALPINO','SALAMANCA',str_to_date('04-12-87', '%d-%m-%y'));
insert into LECTOR values (8939392,'CARLOS','DIEZ','MONTERO','SAN TEODORO, 2','MOZARBEZ','SALAMANCA',str_to_date('12-1-82', '%d-%m-%y'));
insert into LECTOR values (7348383,'SANTIAGO','GUTIERREZ','ALONSO','PETUNIAS, 4','SALAMANCA','SALAMANCA',str_to_date('30-8-87', '%d-%m-%y'));
insert into LECTOR values (7112783,'FRANCISCO JOSE','MURIEL','ALONSO','MIGUEL DE UNAMUNO, 14','SALAMANCA','SALAMANCA',str_to_date('09-9-87', '%d-%m-%y'));
insert into LECTOR values (32947683,'CIPRIANO','RINCON','ALAGUERO','TARRAGONA, 1','LEON','LEON',str_to_date('17-1-85', '%d-%m-%y'));
insert into LECTOR values (7326263,'RICARDO','ELICES','GOMEZ','SAGUNTO, 45','BEJAR','SALAMANCA',str_to_date('08-8-82', '%d-%m-%y'));
insert into LECTOR values (7838294,'ALONSO','RODRIGUEZ','ESTEVEZ','EXTREMADURA, 18','CUBO DEL VINO','ZAMORA',str_to_date('16-5-85', '%d-%m-%y'));
insert into LECTOR values (6883822,'PEDRO','ABARCA','MARTIN','GALILEO, 12','MORALES','ZAMORA',str_to_date('23-9-84', '%d-%m-%y'));
insert into LECTOR values (8393920,'ANTONIO','RAMOS','GARCIA','EDISSON, 2','SALAMANCA','SALAMANCA',str_to_date('21-6-83', '%d-%m-%y'));
insert into LECTOR values (6859236,'GREGORIO','PEDRAZ','ESTEBAN','FRESA, 17','SALAMANCA','SALAMANCA',str_to_date('24-11-82', '%d-%m-%y'));
insert into LECTOR values (7839282,'RUBEN','SAEZ','ALONSO','COLOMBIA, 24','CACERES','CACERES',str_to_date('17-8-83', '%d-%m-%y'));
insert into LECTOR values (7828645,'GONZALO','SAGRADO','MARTIN','ALFONSO VI, 12','TRUJILLO','CACERES',str_to_date('18-9-85', '%d-%m-%y'));
insert into LECTOR values (7425362,'CARLOS','ALDEHUELO','CANDO','TOLEDO, 1','ZORITA','SALAMANCA',str_to_date('17-12-82', '%d-%m-%y'));
insert into LECTOR values (9029648,'JOSE','BENITO','BERNAL','ITALIA, 28','GUIJUELO','SALAMANCA',str_to_date('16-8-81', '%d-%m-%y'));
insert into LECTOR values (11929273,'SANTIAGO','BERNAL','GONZALEZ','ALFAREROS, 2','GUIJUELO','SALAMANCA',str_to_date('12-10-84', '%d-%m-%y'));
insert into LECTOR values (20937832,'MIGUEL','CALVO','CARRASCO','BARCELONA, 89','CALVARRASA','SALAMANCA',str_to_date('12-12-84', '%d-%m-%y'));
insert into LECTOR values (7453920,'LUIS','CANO','MARTIN','GRECO, 19','VILLAMAYOR','SALAMANCA',str_to_date('01-7-84', '%d-%m-%y'));
insert into LECTOR values (7829354,'OVIDIO','CEREZO','CUADRADO','AZAHAR, 1','LA FREGENEDA','SALAMANCA',str_to_date('01-8-84', '%d-%m-%y'));
insert into LECTOR values (8000202,'ERNESTO','FUENTES','MORO','PASEO ROBLES, 87','LEDESMA','SALAMANCA',str_to_date('29-3-80', '%d-%m-%y'));
insert into LECTOR values (16738222,'IGNACIO','FUENTES','OLIVERA','ARGENTINA, 12','VITIGUDINO','SALAMANCA',str_to_date('26-7-83', '%d-%m-%y'));
insert into LECTOR values (8939302,'MANUEL','GONZALEZ','PLAZA','TREBOL, 2','VITIGUDINO','SALAMANCA',str_to_date('12-9-83', '%d-%m-%y'));
insert into LECTOR values (9262873,'MIGUEL','GONZALO','HUEBRA','C/Sevilla','Aldeavila','SALAMANCA',str_to_date('21-4-85', '%d-%m-%y'));
insert into LECTOR values (7823172,'EMILIO','HERNANDEZ','GARCIA','AMAPOLAS, 18','ALISEDA','CACERES',str_to_date('13-7-80', '%d-%m-%y'));
insert into LECTOR values (7432653,'ADOLFO','IGLESIAS','MARTIN','HONDURA, 12','ALCANTARA','CACERES',str_to_date('14-7-79', '%d-%m-%y'));
insert into LECTOR values (5235323,'JOSE LUIS','LOBATO','GARCIA','VOLTA, 56','MALPARTIDA','CACERES',str_to_date('06-6-85', '%d-%m-%y'));
insert into LECTOR values (22874843,'FRANCISCO','LOPEZ','BARCO','IMPERIAL, 67','EL CASAR','CACERES',str_to_date('05-12-83', '%d-%m-%y'));
insert into LECTOR values (12283833,'CARLOS','LOPEZ','CUADRADO','GRAN VIA, 10','ALMENDRALEJO','BADAJOZ',str_to_date('04-11-84', '%d-%m-%y'));
insert into LECTOR values (8433839,'SILVERIO','MATEOS','HERNANDEZ','ISAAC PERAL, 3','PLASENCIA','CACERES',str_to_date('13-11-87', '%d-%m-%y'));
insert into LECTOR values (15838332,'ARSENIO','MONTERO','MERCHAN','GUTENBERG, 1','CORIA','SALAMANCA',str_to_date('23-10-84', '%d-%m-%y'));
insert into LECTOR values (8382939,'OVIDIO','NIETO','SANCHEZ','TARIFA, 18','MORALEJA','CACERES',str_to_date('21-10-80', '%d-%m-%y'));
insert into LECTOR values (4839392,'PASCUAL','PANIAGUA','APARICIO','MEDIODIA, 16','LAS MESTAS','CACERES',str_to_date('06-4-83', '%d-%m-%y'));
insert into LECTOR values (6373728,'ANTONIO','PERANCHO','SANCHEZ','CRISANTEMO, 89','SERRADILLA','CACERES',str_to_date('09-8-87', '%d-%m-%y'));
insert into LECTOR values (13929272,'JAVIER','PEREZ','ARROYO','MURCIA, 2','VILLAR DEL CIERVO','SALAMANCA',str_to_date('09-7-81', '%d-%m-%y'));
insert into LECTOR values (12939272,'JUAN','PEREZ','SANCHEZ','AVILA, 69','VILLAR DE LA YEGUA','SALAMANCA',str_to_date('14-12-85', '%d-%m-%y'));
insert into LECTOR values (7389298,'LAMBERTO','RODRIGUEZ','GARCIA','CAMPOAMOR, 34','HORCAJO MEDIANERO','AVILA',str_to_date('12-2-79', '%d-%m-%y'));
insert into LECTOR values (4568418,'JOSE MANUEL','RODRIGUEZ','LUCAS','PLASENCIA, 16','PIEDRAHITA','AVILA',str_to_date('08-9-82', '%d-%m-%y'));
insert into LECTOR values (14244148,'MANUEL','TRIGO','FERNANDEZ','BODEGONES, 1','CASAS DEL PUERTO','AVILA',str_to_date('09-12-81', '%d-%m-%y'));
insert into LECTOR values (25254178,'JUAN','ACOSTA','FERNANDEZ','OLMEDO, 23','VILLATORO','AVILA',str_to_date('07-8-84', '%d-%m-%y'));
insert into LECTOR values (12515152,'RIGOBERTO','BERNAL','GIL','GUERRILLEROS, 77','SALAMANCA','SALAMANCA',str_to_date('12-12-82', '%d-%m-%y'));
insert into LECTOR values (7851489,'FEDERICO','HERNANDEZ','REYES','JARDINEROS, 3','SALAMANCA','SALAMANCA',str_to_date('28-9-84', '%d-%m-%y'));
insert into LECTOR values (2574114,'LEONARDO','MIGUEL','RUBIO','MONLEON, 22','SALAMANCA','SALAMANCA',str_to_date('21-12-82', '%d-%m-%y'));
insert into LECTOR values (256418,'REMIGIO','MARTIN','SERRADILLA','CABARRUS, 15','ALBA DE TORMES','SALAMANCA',str_to_date('29-8-87', '%d-%m-%y'));
insert into LECTOR values (3546546,'LUIS RICARDO','PORRAS','ELVIRA','GRAN CAPITAN, 6','JUZBADO','SALAMANCA',str_to_date('26-12-85', '%d-%m-%y'));
insert into LECTOR values (23435455,'RAMIRO','ROSADO','ROJO','GRANERO, 11','PELEAS DE ABAJO','SALAMANCA',str_to_date('22-1-84', '%d-%m-%y'));
insert into LECTOR values (4566784,'JOAQUIN','DOMINGUEZ','MORALES','PACIFICO, 34','PELEAS DE ARRIBA','SALAMANCA',str_to_date('10-12-83', '%d-%m-%y'));
insert into LECTOR values (2315525,'RAMON','CASTILLA','TAPIA','SIL, 10','VALDUNCIEL','SALAMANCA',str_to_date('21-7-83', '%d-%m-%y'));
insert into LECTOR values (7897445,'BRAULIO','HOYOS','MANCEBO','DIAMANTE, 5','ZAMORA','ZAMORA',str_to_date('09-9-79', '%d-%m-%y'));
insert into LECTOR values (74567890,'PEDRO','PEREZ','GONZALEZ','PORTUGAL, 4','SALAMANCA','SALAMANCA',str_to_date('19-3-81', '%d-%m-%y'));
insert into LECTOR values (7395860,'LUIS','ALVAREZ','MARTIN','LOS CEDROS, 3','SALAMANCA','SALAMANCA',str_to_date('21-4-83', '%d-%m-%y'));
insert into LECTOR values (7462906,'ANA MARIA','CORRALES','ZAPATA','AVILA, 4','SALAMANCA','SALAMANCA',str_to_date('29-5-83', '%d-%m-%y'));
insert into LECTOR values (7301387,'M.CARMEN','MORENO','HERNANDEZ','CAMPOAMOR, 2','SALAMANCA','SALAMANCA',str_to_date('01-2-82', '%d-%m-%y'));
insert into LECTOR values (11592038,'MARIA','BLANCO','MENDEZ','DAOIZ Y VELARDE, 24,','BENAVENTE','ZAMORA',str_to_date('03-2-83', '%d-%m-%y'));
insert into LECTOR values (71493016,'JOSE LUIS','SANCHEZ','PEREZ','TENTENECIO, 34','GUIJUELO','SALAMANCA',str_to_date('15-5-84', '%d-%m-%y'));
insert into LECTOR values (2894123,'ANGEL JOSE','MARTIN','RODRIGUEZ','GARCIA LORCA, 23','ZAMORA','ZAMORA',str_to_date('21-6-81', '%d-%m-%y'));
insert into LECTOR values (7124874,'FRANCISCO','RAMOS','DIEZ','BOLIVIA, 34','SALAMANCA','SALAMANCA',str_to_date('04-11-82', '%d-%m-%y'));
insert into LECTOR values (11279546,'ANTONIO','PRIETO','MARCOS','MAESTRO AVILA, 4','SALAMANCA','SALAMANCA',str_to_date('19-12-83', '%d-%m-%y'));
insert into LECTOR values (7251874,'MARIANO','JIMENEZ','MARTIN','VOLTA, 45','SALAMANCA','SALAMANCA',str_to_date('01-5-82', '%d-%m-%y'));
insert into LECTOR values (71954201,'RAQUEL','MADRID','LOPEZ','PORTUGAL, 145','SALAMANCA','SALAMANCA',str_to_date('23-4-84', '%d-%m-%y'));
insert into LECTOR values (7152638,'M.ISABEL','IGLESIA','GARCIA','VILLAMAYOR, 32','SALAMANCA','SALAMANCA',str_to_date('24-2-82', '%d-%m-%y'));
insert into LECTOR values (7219752,'M.MAR','GOMEZ','MORAN','ITALIA, 2','SALAMANCA','SALAMANCA',str_to_date('01-4-83', '%d-%m-%y'));
insert into LECTOR values (74196599,'LUIS','ALVAREZ','BENITO','PIZARRO, 5','SALAMANCA','SALAMANCA',str_to_date('21-3-82', '%d-%m-%y'));
insert into LECTOR values (11000258,'JESUS','BORGES','ENRIQUEZ','MADRID, 1','SALAMANCA','SALAMANCA',str_to_date('21-2-82', '%d-%m-%y'));
insert into LECTOR values (71259836,'FELIX','CABO','SANCHEZ','MAYOR, 1','GUIJUELO','SALAMANCA',str_to_date('11-2-82', '%d-%m-%y'));
insert into LECTOR values (33333333,'JOSE ANTON','HERNANDEZ','PEREZ','SOTOMAYOR, 15','CIUDAD RODRIGO','SALAMANCA',str_to_date('21-2-80', '%d-%m-%y'));
insert into LECTOR values (12312389,'CAROLINA','SERRANO','PEREZ','LIBERTAD, 34','SALAMANCA','SALAMANCA',str_to_date('25-8-82', '%d-%m-%y'));
insert into LECTOR values (11543192,'FRANCISCO','ROLDAN','ESCUDERO','LAS AMAPOLAS, 1','CORRALES DEL VINO','ZAMORA',str_to_date('05-1-82', '%d-%m-%y'));
insert into LECTOR values (11443122,'RAQUEL','FERNANDEZ','RAPADO','ARAPILES, 1','VITIGUDINO','SALAMANCA',str_to_date('15-2-87', '%d-%m-%y'));
insert into LECTOR values (41743122,'OSCAR','BLANCO','AGUDO','SUSPIROS, 4','ZAMORA','ZAMORA',str_to_date('17-4-86', '%d-%m-%y'));
insert into LECTOR values (91243322,'PEDRO','CASADO','LAFUENTE','GRANDE, 5','PLASENCIA','CACERES',str_to_date('27-6-84', '%d-%m-%y'));
insert into LECTOR values (94246322,'PACO','CONDE','YELA','PRADO, 3','VILLASECO','BADAJOZ',str_to_date('21-11-86', '%d-%m-%y'));


/************ CARGA DE LA TABLA PRESTAMO (Codigo, Cod_Lector, ISBN, Cod_Suc, Fecha_Ini, Fecha_Dev) ************/

insert into PRESTAMO values (120, 2894123, 5023024, 6, str_to_date('26/3/1997', '%d/%m/%Y'), str_to_date('12/4/1997', '%d/%m/%Y'));
insert into PRESTAMO values (132, 4839392, 5023024, 6, str_to_date('19/5/2010', '%d/%m/%Y'), NULL);
insert into PRESTAMO values (144, 11000258, 5023024, 6, str_to_date('24/12/2010', '%d/%m/%Y'), NULL);
insert into PRESTAMO values (156, 71493016, 5023048, 15, str_to_date('25/10/2011', '%d/%m/%Y'), NULL);
insert into PRESTAMO values (168, 7897445, 5023048, 11, str_to_date('12/8/2008', '%d/%m/%Y'), str_to_date('16/8/2008', '%d/%m/%Y'));
insert into PRESTAMO values (180, 22874843, 5023048, 11, str_to_date('12/6/1996', '%d/%m/%Y'), str_to_date('13/6/1996', '%d/%m/%Y'));
insert into PRESTAMO values (192, 22874843, 5023048, 11, str_to_date('11/7/1999', '%d/%m/%Y'), str_to_date('28/7/1999', '%d/%m/%Y'));
insert into PRESTAMO values (204, 7348383, 5023048, 11, str_to_date('11/7/2011', '%d/%m/%Y'), NULL);
insert into PRESTAMO values (216, 13929272, 5023048, 11, str_to_date('4/11/2010', '%d/%m/%Y'), NULL);
insert into PRESTAMO values (228, 12515152, 5023048, 13, str_to_date('25/2/1997', '%d/%m/%Y'), str_to_date('8/3/1997', '%d/%m/%Y'));
insert into PRESTAMO values (240, 91243322, 5023048, 13, str_to_date('27/2/2008', '%d/%m/%Y'), str_to_date('28/2/2008', '%d/%m/%Y'));
insert into PRESTAMO values (252, 7851489, 5023048, 13, str_to_date('21/11/2010', '%d/%m/%Y'), NULL);
insert into PRESTAMO values (264, 7462906, 5023048, 14, str_to_date('4/6/1998', '%d/%m/%Y'), str_to_date('7/6/1998', '%d/%m/%Y'));
insert into PRESTAMO values (276, 74567890, 5023048, 14, str_to_date('12/3/2001', '%d/%m/%Y'), str_to_date('28/3/2001', '%d/%m/%Y'));
insert into PRESTAMO values (288, 7829354, 5023048, 14, str_to_date('7/10/1998', '%d/%m/%Y'), str_to_date('26/10/1998', '%d/%m/%Y'));
insert into PRESTAMO values (300, 12312389, 5023048, 14, str_to_date('20/7/2003', '%d/%m/%Y'), str_to_date('9/8/2003', '%d/%m/%Y'));
insert into PRESTAMO values (312, 91243322, 5023096, 9, str_to_date('5/6/1998', '%d/%m/%Y'), str_to_date('6/6/1998', '%d/%m/%Y'));
insert into PRESTAMO values (324, 3546546, 5023096, 9, str_to_date('8/11/1995', '%d/%m/%Y'), str_to_date('10/11/1995', '%d/%m/%Y'));
insert into PRESTAMO values (336, 4839392, 5023096, 9, str_to_date('26/10/2007', '%d/%m/%Y'), str_to_date('8/11/2007', '%d/%m/%Y'));
insert into PRESTAMO values (348, 2574114, 5023096, 9, str_to_date('18/6/2010', '%d/%m/%Y'), NULL);
insert into PRESTAMO values (360, 8382939, 5023120, 5, str_to_date('6/6/2005', '%d/%m/%Y'), str_to_date('11/6/2005', '%d/%m/%Y'));
insert into PRESTAMO values (372, 71493016, 5023120, 5, str_to_date('24/6/2011', '%d/%m/%Y'), NULL);
insert into PRESTAMO values (384, 773983, 5023120, 5, str_to_date('22/11/2010', '%d/%m/%Y'), NULL);
insert into PRESTAMO values (396, 7453920, 5023120, 7, str_to_date('18/9/2009', '%d/%m/%Y'), str_to_date('30/9/2009', '%d/%m/%Y'));
insert into PRESTAMO values (408, 11443122, 5023120, 7, str_to_date('18/7/2000', '%d/%m/%Y'), str_to_date('23/7/2000', '%d/%m/%Y'));
insert into PRESTAMO values (420, 7462906, 5023120, 7, str_to_date('25/11/1992', '%d/%m/%Y'), str_to_date('3/12/1992', '%d/%m/%Y'));
insert into PRESTAMO values (432, 7432653, 5023132, 14, str_to_date('1/10/2003', '%d/%m/%Y'), str_to_date('6/10/2003', '%d/%m/%Y'));
insert into PRESTAMO values (444, 23435455, 5023132, 14, str_to_date('8/3/1996', '%d/%m/%Y'), str_to_date('12/3/1996', '%d/%m/%Y'));
insert into PRESTAMO values (456, 7219752, 5023132, 14, str_to_date('18/10/2004', '%d/%m/%Y'), str_to_date('28/10/2004', '%d/%m/%Y'));
insert into PRESTAMO values (468, 71493016, 5023132, 14, str_to_date('2/9/2011', '%d/%m/%Y'), NULL);
insert into PRESTAMO values (480, 4839392, 5023132, 14, str_to_date('6/3/2011', '%d/%m/%Y'), NULL);
insert into PRESTAMO values (492, 13929272, 5023144, 10, str_to_date('14/12/2006', '%d/%m/%Y'), str_to_date('21/12/2006', '%d/%m/%Y'));
insert into PRESTAMO values (504, 14244148, 5023144, 10, str_to_date('10/10/1992', '%d/%m/%Y'), str_to_date('16/10/1992', '%d/%m/%Y'));
insert into PRESTAMO values (516, 7326263, 5023144, 10, str_to_date('3/10/2010', '%d/%m/%Y'), NULL);
insert into PRESTAMO values (528, 7124874, 5023144, 10, str_to_date('9/3/2010', '%d/%m/%Y'), NULL);
insert into PRESTAMO values (540, 7839293, 5023144, 14, str_to_date('13/12/2003', '%d/%m/%Y'), str_to_date('13/12/2003', '%d/%m/%Y'));
insert into PRESTAMO values (552, 7389298, 5023144, 14, str_to_date('2/9/2011', '%d/%m/%Y'), NULL);
insert into PRESTAMO values (564, 7219752, 5023144, 14, str_to_date('2/11/2011', '%d/%m/%Y'), NULL);
insert into PRESTAMO values (576, 7152638, 5023156, 7, str_to_date('7/1/1995', '%d/%m/%Y'), str_to_date('7/1/1995', '%d/%m/%Y'));
insert into PRESTAMO values (588, 7839282, 5023156, 7, str_to_date('11/5/2002', '%d/%m/%Y'), str_to_date('21/5/2002', '%d/%m/%Y'));
insert into PRESTAMO values (600, 91243322, 5023156, 7, str_to_date('10/9/1996', '%d/%m/%Y'), str_to_date('27/9/1996', '%d/%m/%Y'));
insert into PRESTAMO values (612, 12312389, 5023156, 7, str_to_date('25/2/2010', '%d/%m/%Y'), NULL);
insert into PRESTAMO values (624, 7348383, 5023168, 11, str_to_date('7/4/1995', '%d/%m/%Y'), str_to_date('8/4/1995', '%d/%m/%Y'));
insert into PRESTAMO values (636, 91243322, 5023168, 11, str_to_date('5/8/2011', '%d/%m/%Y'), NULL);
insert into PRESTAMO values (648, 7395860, 5023168, 11, str_to_date('17/3/2010', '%d/%m/%Y'), NULL);
insert into PRESTAMO values (660, 4839392, 5023168, 11, str_to_date('25/2/2011', '%d/%m/%Y'), NULL);
insert into PRESTAMO values (672, 773983, 5023168, 11, str_to_date('23/10/2010', '%d/%m/%Y'), NULL);
insert into PRESTAMO values (684, 8433839, 5023180, 2, str_to_date('2/9/2005', '%d/%m/%Y'), str_to_date('11/9/2005', '%d/%m/%Y'));
insert into PRESTAMO values (696, 2315525, 5023180, 2, str_to_date('2/6/2000', '%d/%m/%Y'), str_to_date('19/6/2000', '%d/%m/%Y'));
insert into PRESTAMO values (708, 8393920, 5023192, 1, str_to_date('15/10/2007', '%d/%m/%Y'), str_to_date('30/10/2007', '%d/%m/%Y'));
insert into PRESTAMO values (720, 9029648, 5023192, 1, str_to_date('17/1/1991', '%d/%m/%Y'), str_to_date('29/1/1991', '%d/%m/%Y'));
insert into PRESTAMO values (732, 7395860, 5023192, 1, str_to_date('23/8/1994', '%d/%m/%Y'), str_to_date('8/9/1994', '%d/%m/%Y'));
insert into PRESTAMO values (744, 7251874, 5023216, 4, str_to_date('6/12/1990', '%d/%m/%Y'), str_to_date('15/12/1990', '%d/%m/%Y'));
insert into PRESTAMO values (756, 4839392, 5023216, 4, str_to_date('2/4/1997', '%d/%m/%Y'), str_to_date('10/4/1997', '%d/%m/%Y'));
insert into PRESTAMO values (768, 7823172, 5023216, 4, str_to_date('27/4/1999', '%d/%m/%Y'), str_to_date('28/4/1999', '%d/%m/%Y'));
insert into PRESTAMO values (780, 15838332, 5023216, 4, str_to_date('12/6/2010', '%d/%m/%Y'), NULL);
insert into PRESTAMO values (792, 7301387, 5023216, 4, str_to_date('16/6/2010', '%d/%m/%Y'), NULL);
insert into PRESTAMO values (804, 773983, 5023216, 4, str_to_date('14/1/2010', '%d/%m/%Y'), NULL);
insert into PRESTAMO values (816, 7462906, 5023240, 9, str_to_date('22/11/2010', '%d/%m/%Y'), NULL);
insert into PRESTAMO values (828, 15838332, 5023252, 13, str_to_date('24/5/1993', '%d/%m/%Y'), str_to_date('3/6/1993', '%d/%m/%Y'));
insert into PRESTAMO values (840, 7838294, 5023252, 13, str_to_date('5/1/1992', '%d/%m/%Y'), str_to_date('18/1/1992', '%d/%m/%Y'));
insert into PRESTAMO values (852, 8433839, 5023252, 13, str_to_date('3/12/2001', '%d/%m/%Y'), str_to_date('12/12/2001', '%d/%m/%Y'));
insert into PRESTAMO values (864, 94246322, 5023252, 13, str_to_date('1/12/2001', '%d/%m/%Y'), str_to_date('4/12/2001', '%d/%m/%Y'));
insert into PRESTAMO values (876, 7348383, 5023252, 13, str_to_date('27/10/2011', '%d/%m/%Y'), NULL);
insert into PRESTAMO values (888, 16738222, 5023276, 3, str_to_date('26/12/2000', '%d/%m/%Y'), str_to_date('14/1/2001', '%d/%m/%Y'));
insert into PRESTAMO values (900, 7348383, 5023276, 3, str_to_date('16/5/2010', '%d/%m/%Y'), NULL);
insert into PRESTAMO values (912, 11592038, 5023300, 1, str_to_date('1/11/1991', '%d/%m/%Y'), str_to_date('5/11/1991', '%d/%m/%Y'));
insert into PRESTAMO values (924, 7462906, 5023300, 1, str_to_date('12/1/2010', '%d/%m/%Y'), NULL);
insert into PRESTAMO values (936, 4566784, 5023300, 1, str_to_date('19/7/2010', '%d/%m/%Y'), NULL);
insert into PRESTAMO values (948, 7838294, 5023300, 11, str_to_date('24/3/1992', '%d/%m/%Y'), str_to_date('28/3/1992', '%d/%m/%Y'));
insert into PRESTAMO values (960, 25254178, 5023300, 11, str_to_date('25/4/2008', '%d/%m/%Y'), str_to_date('28/4/2008', '%d/%m/%Y'));
insert into PRESTAMO values (972, 23435455, 5023300, 11, str_to_date('2/3/1996', '%d/%m/%Y'), str_to_date('18/3/1996', '%d/%m/%Y'));
insert into PRESTAMO values (984, 14244148, 5023300, 11, str_to_date('9/11/1996', '%d/%m/%Y'), str_to_date('21/11/1996', '%d/%m/%Y'));
insert into PRESTAMO values (996, 7326263, 5023300, 11, str_to_date('2/3/2010', '%d/%m/%Y'), NULL);
insert into PRESTAMO values (1008, 6883822, 5023300, 11, str_to_date('21/7/2010', '%d/%m/%Y'), NULL);
insert into PRESTAMO values (1020, 71954201, 5023312, 3, str_to_date('24/11/1999', '%d/%m/%Y'), str_to_date('24/11/1999', '%d/%m/%Y'));
insert into PRESTAMO values (1032, 7425362, 5023312, 3, str_to_date('1/11/2005', '%d/%m/%Y'), str_to_date('16/11/2005', '%d/%m/%Y'));
insert into PRESTAMO values (1044, 7301387, 5023312, 3, str_to_date('3/7/1996', '%d/%m/%Y'), str_to_date('17/7/1996', '%d/%m/%Y'));
insert into PRESTAMO values (1056, 22874843, 5023312, 3, str_to_date('22/11/1993', '%d/%m/%Y'), str_to_date('7/12/1993', '%d/%m/%Y'));
insert into PRESTAMO values (1068, 8393920, 5023312, 12, str_to_date('3/3/2007', '%d/%m/%Y'), str_to_date('19/3/2007', '%d/%m/%Y'));
insert into PRESTAMO values (1080, 7348383, 5023312, 12, str_to_date('1/5/2004', '%d/%m/%Y'), str_to_date('5/5/2004', '%d/%m/%Y'));
insert into PRESTAMO values (1092, 71954201, 5023312, 12, str_to_date('20/10/2007', '%d/%m/%Y'), str_to_date('24/10/2007', '%d/%m/%Y'));
insert into PRESTAMO values (1104, 7823172, 5023312, 12, str_to_date('8/1/2011', '%d/%m/%Y'), NULL);
insert into PRESTAMO values (1116, 94246322, 5023312, 12, str_to_date('14/9/2010', '%d/%m/%Y'), NULL);
insert into PRESTAMO values (1128, 71493016, 5023312, 12, str_to_date('13/10/2011', '%d/%m/%Y'), NULL);
insert into PRESTAMO values (1140, 5235323, 5023312, 12, str_to_date('23/10/2011', '%d/%m/%Y'), NULL);
insert into PRESTAMO values (1152, 4568418, 5023336, 2, str_to_date('7/2/1992', '%d/%m/%Y'), str_to_date('14/2/1992', '%d/%m/%Y'));
insert into PRESTAMO values (1164, 7432653, 5023336, 2, str_to_date('10/4/2004', '%d/%m/%Y'), str_to_date('20/4/2004', '%d/%m/%Y'));
insert into PRESTAMO values (1176, 94246322, 5023336, 2, str_to_date('25/5/2002', '%d/%m/%Y'), str_to_date('14/6/2002', '%d/%m/%Y'));
insert into PRESTAMO values (1188, 71954201, 5023336, 2, str_to_date('16/4/1998', '%d/%m/%Y'), str_to_date('1/5/1998', '%d/%m/%Y'));
insert into PRESTAMO values (1200, 7839293, 5023336, 2, str_to_date('2/9/2010', '%d/%m/%Y'), NULL);
insert into PRESTAMO values (1212, 14244148, 5023372, 2, str_to_date('12/6/2007', '%d/%m/%Y'), str_to_date('22/6/2007', '%d/%m/%Y'));
insert into PRESTAMO values (1224, 7432653, 5023372, 2, str_to_date('13/4/2011', '%d/%m/%Y'), NULL);
insert into PRESTAMO values (1236, 74196599, 5023372, 9, str_to_date('5/9/1993', '%d/%m/%Y'), str_to_date('11/9/1993', '%d/%m/%Y'));
insert into PRESTAMO values (1248, 94246322, 5023372, 9, str_to_date('18/1/2004', '%d/%m/%Y'), str_to_date('19/1/2004', '%d/%m/%Y'));
insert into PRESTAMO values (1260, 11543192, 5023372, 9, str_to_date('18/2/2008', '%d/%m/%Y'), str_to_date('19/2/2008', '%d/%m/%Y'));
insert into PRESTAMO values (1272, 2315525, 5023372, 9, str_to_date('23/7/2010', '%d/%m/%Y'), NULL);
insert into PRESTAMO values (1284, 71493016, 5023372, 9, str_to_date('2/2/2011', '%d/%m/%Y'), NULL);
insert into PRESTAMO values (1296, 7395860, 5023372, 9, str_to_date('10/10/2010', '%d/%m/%Y'), NULL);
insert into PRESTAMO values (1308, 7823172, 5023372, 9, str_to_date('9/2/2011', '%d/%m/%Y'), NULL);
insert into PRESTAMO values (1320, 7897445, 5023384, 9, str_to_date('4/8/2001', '%d/%m/%Y'), str_to_date('18/8/2001', '%d/%m/%Y'));
insert into PRESTAMO values (1332, 8939392, 5023384, 9, str_to_date('12/7/2000', '%d/%m/%Y'), str_to_date('29/7/2000', '%d/%m/%Y'));
insert into PRESTAMO values (1344, 8939392, 5023384, 9, str_to_date('26/1/2011', '%d/%m/%Y'), NULL);
insert into PRESTAMO values (1356, 11279546, 5023384, 9, str_to_date('6/7/2010', '%d/%m/%Y'), NULL);
insert into PRESTAMO values (1368, 22874843, 5023384, 9, str_to_date('22/7/2011', '%d/%m/%Y'), NULL);
insert into PRESTAMO values (1380, 4566784, 5023384, 10, str_to_date('8/2/2008', '%d/%m/%Y'), str_to_date('27/2/2008', '%d/%m/%Y'));
insert into PRESTAMO values (1392, 7839293, 5023384, 10, str_to_date('20/10/1990', '%d/%m/%Y'), str_to_date('7/11/1990', '%d/%m/%Y'));
insert into PRESTAMO values (1404, 32947683, 5023396, 10, str_to_date('25/1/2002', '%d/%m/%Y'), str_to_date('7/2/2002', '%d/%m/%Y'));
insert into PRESTAMO values (1416, 7823172, 5023396, 10, str_to_date('10/7/2006', '%d/%m/%Y'), str_to_date('10/7/2006', '%d/%m/%Y'));
insert into PRESTAMO values (1428, 4566784, 5023396, 10, str_to_date('8/1/1990', '%d/%m/%Y'), str_to_date('26/1/1990', '%d/%m/%Y'));
insert into PRESTAMO values (1440, 11592038, 5023396, 10, str_to_date('5/2/2011', '%d/%m/%Y'), NULL);
insert into PRESTAMO values (1452, 7112783, 5023396, 10, str_to_date('5/8/2011', '%d/%m/%Y'), NULL);
insert into PRESTAMO values (1464, 8939392, 5023444, 3, str_to_date('23/4/1995', '%d/%m/%Y'), str_to_date('12/5/1995', '%d/%m/%Y'));
insert into PRESTAMO values (1476, 8939302, 5023444, 3, str_to_date('8/5/2011', '%d/%m/%Y'), NULL);
insert into PRESTAMO values (1488, 11932930, 5023468, 15, str_to_date('2/7/1991', '%d/%m/%Y'), str_to_date('3/7/1991', '%d/%m/%Y'));
insert into PRESTAMO values (1500, 7425362, 5023468, 15, str_to_date('20/2/2011', '%d/%m/%Y'), NULL);
insert into PRESTAMO values (1512, 4566784, 5023468, 15, str_to_date('12/6/2011', '%d/%m/%Y'), NULL);
insert into PRESTAMO values (1524, 71954201, 5023468, 15, str_to_date('14/6/2011', '%d/%m/%Y'), NULL);
insert into PRESTAMO values (1536, 7432653, 5023468, 2, str_to_date('4/9/2002', '%d/%m/%Y'), str_to_date('13/9/2002', '%d/%m/%Y'));
insert into PRESTAMO values (1548, 7219752, 5023468, 2, str_to_date('20/2/2010', '%d/%m/%Y'), NULL);
insert into PRESTAMO values (1560, 8939302, 5023480, 8, str_to_date('11/2/2008', '%d/%m/%Y'), str_to_date('11/2/2008', '%d/%m/%Y'));
insert into PRESTAMO values (1572, 7152638, 5023480, 8, str_to_date('18/5/1996', '%d/%m/%Y'), str_to_date('25/5/1996', '%d/%m/%Y'));
insert into PRESTAMO values (1584, 7389298, 5023480, 8, str_to_date('22/8/2002', '%d/%m/%Y'), str_to_date('3/9/2002', '%d/%m/%Y'));
insert into PRESTAMO values (1596, 8433839, 5023480, 13, str_to_date('15/3/1998', '%d/%m/%Y'), str_to_date('30/3/1998', '%d/%m/%Y'));
insert into PRESTAMO values (1608, 12515152, 5023480, 13, str_to_date('23/2/1994', '%d/%m/%Y'), str_to_date('28/2/1994', '%d/%m/%Y'));
insert into PRESTAMO values (1620, 16738222, 5023480, 13, str_to_date('25/11/2011', '%d/%m/%Y'), NULL);
insert into PRESTAMO values (1632, 7823172, 5023480, 13, str_to_date('19/4/2010', '%d/%m/%Y'), NULL);
insert into PRESTAMO values (1644, 7839282, 5023504, 15, str_to_date('15/2/2001', '%d/%m/%Y'), str_to_date('23/2/2001', '%d/%m/%Y'));
insert into PRESTAMO values (1656, 8382939, 5023504, 15, str_to_date('13/10/2010', '%d/%m/%Y'), NULL);
insert into PRESTAMO values (1668, 7462906, 5023504, 3, str_to_date('14/6/2010', '%d/%m/%Y'), NULL);
insert into PRESTAMO values (1680, 7839293, 5023504, 8, str_to_date('20/5/1995', '%d/%m/%Y'), str_to_date('29/5/1995', '%d/%m/%Y'));
insert into PRESTAMO values (1692, 8393920, 5023504, 8, str_to_date('8/7/1993', '%d/%m/%Y'), str_to_date('10/7/1993', '%d/%m/%Y'));
insert into PRESTAMO values (1704, 3546546, 5023504, 8, str_to_date('24/9/2008', '%d/%m/%Y'), str_to_date('2/10/2008', '%d/%m/%Y'));
insert into PRESTAMO values (1716, 11443122, 5023516, 15, str_to_date('6/10/1999', '%d/%m/%Y'), str_to_date('13/10/1999', '%d/%m/%Y'));
insert into PRESTAMO values (1728, 8433839, 5023516, 15, str_to_date('23/9/2004', '%d/%m/%Y'), str_to_date('11/10/2004', '%d/%m/%Y'));
insert into PRESTAMO values (1740, 7425362, 5023516, 15, str_to_date('25/1/2011', '%d/%m/%Y'), NULL);
insert into PRESTAMO values (1752, 9262873, 5023516, 15, str_to_date('2/8/2011', '%d/%m/%Y'), NULL);
insert into PRESTAMO values (1764, 6859236, 5023516, 2, str_to_date('18/2/2000', '%d/%m/%Y'), str_to_date('21/2/2000', '%d/%m/%Y'));
insert into PRESTAMO values (1776, 8939302, 5023516, 2, str_to_date('21/3/2011', '%d/%m/%Y'), NULL);
insert into PRESTAMO values (1788, 11000258, 5023516, 2, str_to_date('9/1/2011', '%d/%m/%Y'), NULL);
insert into PRESTAMO values (1812, 74196599, 5023516, 13, str_to_date('12/12/2007', '%d/%m/%Y'), str_to_date('24/12/2007', '%d/%m/%Y'));
insert into PRESTAMO values (1824, 6883822, 5023516, 13, str_to_date('7/8/1991', '%d/%m/%Y'), str_to_date('12/8/1991', '%d/%m/%Y'));
insert into PRESTAMO values (1836, 7432653, 5023516, 13, str_to_date('8/4/1991', '%d/%m/%Y'), str_to_date('10/4/1991', '%d/%m/%Y'));
insert into PRESTAMO values (1848, 7462906, 5023516, 13, str_to_date('12/4/2003', '%d/%m/%Y'), str_to_date('30/4/2003', '%d/%m/%Y'));
insert into PRESTAMO values (1860, 91243322, 5023516, 13, str_to_date('19/7/2010', '%d/%m/%Y'), NULL);
insert into PRESTAMO values (1872, 7851489, 5023516, 13, str_to_date('16/8/2011', '%d/%m/%Y'), NULL);
insert into PRESTAMO values (1884, 11279546, 5023516, 13, str_to_date('18/5/2011', '%d/%m/%Y'), NULL);
insert into PRESTAMO values (1896, 7838294, 5023540, 3, str_to_date('7/12/2009', '%d/%m/%Y'), str_to_date('10/12/2009', '%d/%m/%Y'));
insert into PRESTAMO values (1908, 33333333, 5023540, 3, str_to_date('15/11/2007', '%d/%m/%Y'), str_to_date('23/11/2007', '%d/%m/%Y'));
insert into PRESTAMO values (1920, 7851489, 5023540, 3, str_to_date('25/1/2011', '%d/%m/%Y'), NULL);
insert into PRESTAMO values (1932, 7124874, 5023540, 3, str_to_date('4/1/2011', '%d/%m/%Y'), NULL);
insert into PRESTAMO values (1944, 91243322, 5023540, 6, str_to_date('14/7/2004', '%d/%m/%Y'), str_to_date('26/7/2004', '%d/%m/%Y'));
insert into PRESTAMO values (1956, 7425362, 5023540, 6, str_to_date('9/12/2011', '%d/%m/%Y'), NULL);
insert into PRESTAMO values (1968, 4568418, 5023540, 6, str_to_date('11/6/2011', '%d/%m/%Y'), NULL);
insert into PRESTAMO values (1980, 12515152, 5023552, 7, str_to_date('26/3/2000', '%d/%m/%Y'), str_to_date('13/4/2000', '%d/%m/%Y'));
insert into PRESTAMO values (1992, 2315525, 5023552, 7, str_to_date('1/6/2004', '%d/%m/%Y'), str_to_date('4/6/2004', '%d/%m/%Y'));
insert into PRESTAMO values (2004, 11932930, 5023552, 7, str_to_date('26/3/2011', '%d/%m/%Y'), NULL);
insert into PRESTAMO values (2016, 12283833, 5023576, 1, str_to_date('10/10/2007', '%d/%m/%Y'), str_to_date('23/10/2007', '%d/%m/%Y'));
insert into PRESTAMO values (2028, 11543192, 5023576, 1, str_to_date('6/11/2003', '%d/%m/%Y'), str_to_date('8/11/2003', '%d/%m/%Y'));
insert into PRESTAMO values (2040, 7219752, 5023576, 1, str_to_date('10/3/1991', '%d/%m/%Y'), str_to_date('28/3/1991', '%d/%m/%Y'));
insert into PRESTAMO values (2052, 773983, 5023576, 1, str_to_date('20/12/1992', '%d/%m/%Y'), str_to_date('23/12/1992', '%d/%m/%Y'));
insert into PRESTAMO values (2064, 7453920, 5023576, 1, str_to_date('22/12/2011', '%d/%m/%Y'), NULL);
insert into PRESTAMO values (2076, 8939302, 5023576, 1, str_to_date('1/12/2010', '%d/%m/%Y'), NULL);
insert into PRESTAMO values (2088, 6883822, 5023576, 1, str_to_date('20/12/2010', '%d/%m/%Y'), NULL);
insert into PRESTAMO values (2100, 7395860, 5023588, 1, str_to_date('25/12/1999', '%d/%m/%Y'), str_to_date('13/1/2000', '%d/%m/%Y'));
insert into PRESTAMO values (2112, 7838294, 5023588, 1, str_to_date('3/10/2010', '%d/%m/%Y'), NULL);
insert into PRESTAMO values (2124, 2315525, 5023588, 1, str_to_date('23/11/2011', '%d/%m/%Y'), NULL);
insert into PRESTAMO values (2136, 7152638, 5023600, 7, str_to_date('25/9/2001', '%d/%m/%Y'), str_to_date('4/10/2001', '%d/%m/%Y'));
insert into PRESTAMO values (2148, 9262873, 5023600, 7, str_to_date('3/5/1997', '%d/%m/%Y'), str_to_date('18/5/1997', '%d/%m/%Y'));
insert into PRESTAMO values (2160, 8000202, 5023600, 7, str_to_date('23/7/2007', '%d/%m/%Y'), str_to_date('4/8/2007', '%d/%m/%Y'));
insert into PRESTAMO values (2172, 12515152, 5023600, 7, str_to_date('20/10/2010', '%d/%m/%Y'), NULL);
insert into PRESTAMO values (2184, 7453920, 5023600, 7, str_to_date('7/7/2010', '%d/%m/%Y'), NULL);
insert into PRESTAMO values (2196, 256418, 5023600, 7, str_to_date('6/10/2010', '%d/%m/%Y'), NULL);
insert into PRESTAMO values (2208, 7829354, 5023600, 12, str_to_date('13/8/2011', '%d/%m/%Y'), NULL);
insert into PRESTAMO values (2220, 7326263, 5023600, 13, str_to_date('1/1/2009', '%d/%m/%Y'), str_to_date('19/1/2009', '%d/%m/%Y'));
insert into PRESTAMO values (2232, 2894123, 5023600, 13, str_to_date('5/11/1995', '%d/%m/%Y'), str_to_date('5/11/1995', '%d/%m/%Y'));
insert into PRESTAMO values (2244, 7823172, 5023600, 13, str_to_date('8/5/2011', '%d/%m/%Y'), NULL);
insert into PRESTAMO values (2256, 7462906, 5023600, 13, str_to_date('20/2/2010', '%d/%m/%Y'), NULL);
insert into PRESTAMO values (2268, 5235323, 5023636, 1, str_to_date('17/4/2006', '%d/%m/%Y'), str_to_date('30/4/2006', '%d/%m/%Y'));
insert into PRESTAMO values (2280, 8393920, 5023636, 1, str_to_date('12/9/1993', '%d/%m/%Y'), str_to_date('16/9/1993', '%d/%m/%Y'));
insert into PRESTAMO values (2292, 7838294, 5023636, 1, str_to_date('5/10/2000', '%d/%m/%Y'), str_to_date('16/10/2000', '%d/%m/%Y'));
insert into PRESTAMO values (2304, 8939392, 5023636, 1, str_to_date('1/8/1994', '%d/%m/%Y'), str_to_date('20/8/1994', '%d/%m/%Y'));
insert into PRESTAMO values (2316, 20937832, 5023636, 1, str_to_date('2/10/2011', '%d/%m/%Y'), NULL);
insert into PRESTAMO values (2328, 6859236, 5023636, 8, str_to_date('16/10/1996', '%d/%m/%Y'), str_to_date('27/10/1996', '%d/%m/%Y'));
insert into PRESTAMO values (2340, 71259836, 5023636, 8, str_to_date('26/3/2011', '%d/%m/%Y'), NULL);
insert into PRESTAMO values (2352, 13929272, 5023648, 7, str_to_date('15/7/2001', '%d/%m/%Y'), str_to_date('30/7/2001', '%d/%m/%Y'));
insert into PRESTAMO values (2364, 25254178, 5023648, 7, str_to_date('23/2/2000', '%d/%m/%Y'), str_to_date('7/3/2000', '%d/%m/%Y'));
insert into PRESTAMO values (2376, 7838294, 5023648, 7, str_to_date('5/4/2011', '%d/%m/%Y'), NULL);
insert into PRESTAMO values (2388, 71259836, 5023660, 9, str_to_date('6/3/1998', '%d/%m/%Y'), str_to_date('9/3/1998', '%d/%m/%Y'));
insert into PRESTAMO values (2400, 2894123, 5023660, 9, str_to_date('20/10/2008', '%d/%m/%Y'), str_to_date('22/10/2008', '%d/%m/%Y'));
insert into PRESTAMO values (2412, 3546546, 5023660, 9, str_to_date('20/12/2008', '%d/%m/%Y'), str_to_date('21/12/2008', '%d/%m/%Y'));
insert into PRESTAMO values (2424, 7823172, 5023660, 9, str_to_date('3/5/2011', '%d/%m/%Y'), NULL);
insert into PRESTAMO values (2436, 7462906, 5023660, 9, str_to_date('19/5/2010', '%d/%m/%Y'), NULL);
insert into PRESTAMO values (2448, 8939302, 5023696, 5, str_to_date('23/3/2000', '%d/%m/%Y'), str_to_date('25/3/2000', '%d/%m/%Y'));
insert into PRESTAMO values (2460, 7839282, 5023696, 5, str_to_date('16/5/2010', '%d/%m/%Y'), NULL);
insert into PRESTAMO values (2472, 11932930, 5023696, 5, str_to_date('19/4/2010', '%d/%m/%Y'), NULL);
insert into PRESTAMO values (2484, 7326263, 5023696, 5, str_to_date('9/1/2010', '%d/%m/%Y'), NULL);
insert into PRESTAMO values (2496, 74196599, 5023708, 10, str_to_date('4/12/2008', '%d/%m/%Y'), str_to_date('11/12/2008', '%d/%m/%Y'));
insert into PRESTAMO values (2508, 7124874, 5023708, 10, str_to_date('22/4/2010', '%d/%m/%Y'), NULL);
insert into PRESTAMO values (2520, 8000202, 5023708, 12, str_to_date('27/4/1994', '%d/%m/%Y'), str_to_date('8/5/1994', '%d/%m/%Y'));
insert into PRESTAMO values (2532, 8382939, 5023708, 12, str_to_date('11/10/2000', '%d/%m/%Y'), str_to_date('24/10/2000', '%d/%m/%Y'));
insert into PRESTAMO values (2544, 8433839, 5023708, 12, str_to_date('1/2/2002', '%d/%m/%Y'), str_to_date('3/2/2002', '%d/%m/%Y'));
insert into PRESTAMO values (2556, 7389298, 5023708, 12, str_to_date('3/3/2001', '%d/%m/%Y'), str_to_date('18/3/2001', '%d/%m/%Y'));
insert into PRESTAMO values (2568, 9029648, 5023708, 12, str_to_date('16/8/2010', '%d/%m/%Y'), NULL);
insert into PRESTAMO values (2580, 11932930, 5023720, 6, str_to_date('5/7/1993', '%d/%m/%Y'), str_to_date('14/7/1993', '%d/%m/%Y'));
insert into PRESTAMO values (2592, 4568418, 5023720, 6, str_to_date('14/9/2002', '%d/%m/%Y'), str_to_date('24/9/2002', '%d/%m/%Y'));
insert into PRESTAMO values (2604, 4839392, 5023720, 6, str_to_date('18/12/1990', '%d/%m/%Y'), str_to_date('1/1/1991', '%d/%m/%Y'));
insert into PRESTAMO values (2616, 71259836, 5023720, 6, str_to_date('18/7/1997', '%d/%m/%Y'), str_to_date('27/7/1997', '%d/%m/%Y'));
insert into PRESTAMO values (2628, 20937832, 5023720, 11, str_to_date('19/1/2008', '%d/%m/%Y'), str_to_date('3/2/2008', '%d/%m/%Y'));
insert into PRESTAMO values (2640, 7462906, 5023720, 11, str_to_date('5/6/2006', '%d/%m/%Y'), str_to_date('7/6/2006', '%d/%m/%Y'));
insert into PRESTAMO values (2652, 7829354, 5023720, 11, str_to_date('20/5/1997', '%d/%m/%Y'), str_to_date('3/6/1997', '%d/%m/%Y'));
insert into PRESTAMO values (2664, 7897445, 5023720, 11, str_to_date('3/7/2010', '%d/%m/%Y'), NULL);
insert into PRESTAMO values (2676, 7348383, 5023720, 11, str_to_date('24/9/2010', '%d/%m/%Y'), NULL);
insert into PRESTAMO values (2688, 7839293, 5023720, 11, str_to_date('20/4/2010', '%d/%m/%Y'), NULL);
insert into PRESTAMO values (2700, 91243322, 5023732, 14, str_to_date('15/5/1993', '%d/%m/%Y'), str_to_date('16/5/1993', '%d/%m/%Y'));
insert into PRESTAMO values (2712, 7251874, 5023732, 14, str_to_date('7/11/1999', '%d/%m/%Y'), str_to_date('18/11/1999', '%d/%m/%Y'));
insert into PRESTAMO values (2724, 8939302, 5023732, 14, str_to_date('23/7/2010', '%d/%m/%Y'), NULL);
insert into PRESTAMO values (2736, 9029648, 5023732, 14, str_to_date('9/2/2011', '%d/%m/%Y'), NULL);
insert into PRESTAMO values (2748, 7851489, 5023744, 6, str_to_date('16/8/2007', '%d/%m/%Y'), str_to_date('21/8/2007', '%d/%m/%Y'));
insert into PRESTAMO values (2760, 7301387, 5023744, 6, str_to_date('23/4/2011', '%d/%m/%Y'), NULL);
insert into PRESTAMO values (2772, 94246322, 5023768, 7, str_to_date('19/11/2011', '%d/%m/%Y'), NULL);
insert into PRESTAMO values (2784, 7326263, 5023768, 7, str_to_date('4/11/2010', '%d/%m/%Y'), NULL);
insert into PRESTAMO values (2796, 256418, 5023768, 7, str_to_date('4/10/2011', '%d/%m/%Y'), NULL);
insert into PRESTAMO values (2808, 8433839, 5023780, 3, str_to_date('3/5/2011', '%d/%m/%Y'), NULL);
insert into PRESTAMO values (2820, 25254178, 5023780, 3, str_to_date('3/2/2010', '%d/%m/%Y'), NULL);
insert into PRESTAMO values (2832, 12312389, 5023792, 11, str_to_date('12/11/2011', '%d/%m/%Y'), NULL);
insert into PRESTAMO values (2844, 25254178, 5023792, 11, str_to_date('1/12/2011', '%d/%m/%Y'), NULL);
insert into PRESTAMO values (2856, 3546546, 5023792, 11, str_to_date('12/7/2011', '%d/%m/%Y'), NULL);
insert into PRESTAMO values (2868, 7829354, 5023804, 15, str_to_date('7/4/2010', '%d/%m/%Y'), NULL);
insert into PRESTAMO values (2880, 20937832, 5023804, 13, str_to_date('16/3/2011', '%d/%m/%Y'), NULL);
insert into PRESTAMO values (2892, 5235323, 5023804, 13, str_to_date('20/10/2010', '%d/%m/%Y'), NULL);
insert into PRESTAMO values (2904, 94246322, 5023804, 13, str_to_date('14/5/2010', '%d/%m/%Y'), NULL);
insert into PRESTAMO values (2916, 7432653, 5023804, 13, str_to_date('5/6/2011', '%d/%m/%Y'), NULL);
insert into PRESTAMO values (2928, 8000202, 5023816, 9, str_to_date('14/10/1995', '%d/%m/%Y'), str_to_date('17/10/1995', '%d/%m/%Y'));
insert into PRESTAMO values (2940, 7112783, 5023816, 9, str_to_date('4/6/1994', '%d/%m/%Y'), str_to_date('22/6/1994', '%d/%m/%Y'));
insert into PRESTAMO values (2952, 25254178, 5023816, 9, str_to_date('24/2/1990', '%d/%m/%Y'), str_to_date('2/3/1990', '%d/%m/%Y'));
insert into PRESTAMO values (2964, 25254178, 5023828, 7, str_to_date('15/11/1996', '%d/%m/%Y'), str_to_date('21/11/1996', '%d/%m/%Y'));
insert into PRESTAMO values (2976, 71493016, 5023828, 7, str_to_date('15/8/2011', '%d/%m/%Y'), NULL);
insert into PRESTAMO values (2988, 7839293, 5023828, 7, str_to_date('22/3/2011', '%d/%m/%Y'), NULL);
insert into PRESTAMO values (3000, 773983, 5023828, 7, str_to_date('23/11/2011', '%d/%m/%Y'), NULL);
insert into PRESTAMO values (3012, 11000258, 5023828, 13, str_to_date('23/5/2010', '%d/%m/%Y'), NULL);
insert into PRESTAMO values (3024, 13929272, 5023840, 10, str_to_date('10/11/2011', '%d/%m/%Y'), NULL);
insert into PRESTAMO values (3036, 9029648, 5023840, 10, str_to_date('26/1/2011', '%d/%m/%Y'), NULL);
insert into PRESTAMO values (3048, 8000202, 5023852, 7, str_to_date('1/9/2010', '%d/%m/%Y'), NULL);
insert into PRESTAMO values (3060, 12939272, 5023852, 7, str_to_date('15/2/2011', '%d/%m/%Y'), NULL);
insert into PRESTAMO values (3072, 2574114, 5023852, 7, str_to_date('14/10/2010', '%d/%m/%Y'), NULL);
insert into PRESTAMO values (3084, 33333333, 5023852, 7, str_to_date('24/9/2011', '%d/%m/%Y'), NULL);
insert into PRESTAMO values (3096, 32947683, 5023864, 2, str_to_date('21/11/2003', '%d/%m/%Y'), str_to_date('28/11/2003', '%d/%m/%Y'));
insert into PRESTAMO values (3108, 11929273, 5023864, 2, str_to_date('4/9/2010', '%d/%m/%Y'), NULL);
insert into PRESTAMO values (3120, 7348383, 5023864, 2, str_to_date('4/5/2010', '%d/%m/%Y'), NULL);
insert into PRESTAMO values (3132, 7453920, 5023876, 2, str_to_date('3/11/1994', '%d/%m/%Y'), str_to_date('15/11/1994', '%d/%m/%Y'));
insert into PRESTAMO values (3144, 7453920, 5023876, 2, str_to_date('5/6/2007', '%d/%m/%Y'), str_to_date('9/6/2007', '%d/%m/%Y'));
insert into PRESTAMO values (3156, 94246322, 5023876, 2, str_to_date('26/3/2011', '%d/%m/%Y'), NULL);
insert into PRESTAMO values (3168, 7348383, 5023876, 2, str_to_date('16/1/2011', '%d/%m/%Y'), NULL);
insert into PRESTAMO values (3180, 91243322, 5023876, 2, str_to_date('25/9/2011', '%d/%m/%Y'), NULL);
insert into PRESTAMO values (3192, 15838332, 5023888, 5, str_to_date('27/12/1992', '%d/%m/%Y'), str_to_date('15/1/1993', '%d/%m/%Y'));
insert into PRESTAMO values (3204, 7124874, 5023888, 5, str_to_date('16/11/1999', '%d/%m/%Y'), str_to_date('2/12/1999', '%d/%m/%Y'));
insert into PRESTAMO values (3216, 4566784, 5023888, 5, str_to_date('12/3/2000', '%d/%m/%Y'), str_to_date('29/3/2000', '%d/%m/%Y'));
insert into PRESTAMO values (3228, 74196599, 5023888, 5, str_to_date('2/2/2010', '%d/%m/%Y'), NULL);
insert into PRESTAMO values (3240, 11443122, 5023900, 7, str_to_date('9/9/2000', '%d/%m/%Y'), str_to_date('21/9/2000', '%d/%m/%Y'));
insert into PRESTAMO values (3252, 6883822, 5023900, 7, str_to_date('5/1/2007', '%d/%m/%Y'), str_to_date('18/1/2007', '%d/%m/%Y'));
insert into PRESTAMO values (3264, 33333333, 5023936, 1, str_to_date('20/5/2005', '%d/%m/%Y'), str_to_date('28/5/2005', '%d/%m/%Y'));
insert into PRESTAMO values (3276, 23435455, 5023936, 1, str_to_date('17/10/1997', '%d/%m/%Y'), str_to_date('1/11/1997', '%d/%m/%Y'));
insert into PRESTAMO values (3288, 71493016, 5023936, 1, str_to_date('10/8/2002', '%d/%m/%Y'), str_to_date('23/8/2002', '%d/%m/%Y'));
insert into PRESTAMO values (3300, 7829354, 5023936, 1, str_to_date('24/4/1999', '%d/%m/%Y'), str_to_date('11/5/1999', '%d/%m/%Y'));
insert into PRESTAMO values (3312, 7462906, 5023936, 1, str_to_date('5/2/2010', '%d/%m/%Y'), NULL);
insert into PRESTAMO values (3324, 74567890, 5023936, 1, str_to_date('23/1/2011', '%d/%m/%Y'), NULL);
insert into PRESTAMO values (3336, 9029648, 5023936, 1, str_to_date('8/12/2010', '%d/%m/%Y'), NULL);
insert into PRESTAMO values (3348, 7838294, 5023936, 1, str_to_date('1/11/2011', '%d/%m/%Y'), NULL);
insert into PRESTAMO values (3360, 7839293, 5023972, 10, str_to_date('5/11/1993', '%d/%m/%Y'), str_to_date('11/11/1993', '%d/%m/%Y'));
insert into PRESTAMO values (3372, 8939302, 5023972, 10, str_to_date('6/5/2003', '%d/%m/%Y'), str_to_date('15/5/2003', '%d/%m/%Y'));
insert into PRESTAMO values (3384, 773983, 5023972, 10, str_to_date('17/2/1990', '%d/%m/%Y'), str_to_date('27/2/1990', '%d/%m/%Y'));
insert into PRESTAMO values (3396, 7124874, 5023972, 10, str_to_date('1/1/1996', '%d/%m/%Y'), str_to_date('10/1/1996', '%d/%m/%Y'));
insert into PRESTAMO values (3408, 2894123, 5023972, 12, str_to_date('20/1/2006', '%d/%m/%Y'), str_to_date('24/1/2006', '%d/%m/%Y'));
insert into PRESTAMO values (3420, 11932930, 5023972, 12, str_to_date('13/8/1990', '%d/%m/%Y'), str_to_date('23/8/1990', '%d/%m/%Y'));
insert into PRESTAMO values (3432, 8382939, 5023972, 12, str_to_date('5/2/2000', '%d/%m/%Y'), str_to_date('10/2/2000', '%d/%m/%Y'));
insert into PRESTAMO values (3444, 8393920, 5023972, 12, str_to_date('10/4/1996', '%d/%m/%Y'), str_to_date('27/4/1996', '%d/%m/%Y'));
insert into PRESTAMO values (3456, 11443122, 5023972, 12, str_to_date('8/4/2010', '%d/%m/%Y'), NULL);
insert into PRESTAMO values (3468, 71954201, 5023972, 12, str_to_date('8/7/2010', '%d/%m/%Y'), NULL);
insert into PRESTAMO values (3480, 2574114, 5023984, 5, str_to_date('7/9/2007', '%d/%m/%Y'), str_to_date('17/9/2007', '%d/%m/%Y'));
insert into PRESTAMO values (3492, 7829354, 5023984, 5, str_to_date('20/2/1990', '%d/%m/%Y'), str_to_date('20/2/1990', '%d/%m/%Y'));
insert into PRESTAMO values (3504, 7838294, 5023984, 5, str_to_date('2/12/2010', '%d/%m/%Y'), NULL);
insert into PRESTAMO values (3516, 11279546, 5024020, 1, str_to_date('27/4/2005', '%d/%m/%Y'), str_to_date('4/5/2005', '%d/%m/%Y'));
insert into PRESTAMO values (3528, 7425362, 5024020, 1, str_to_date('24/10/1998', '%d/%m/%Y'), str_to_date('28/10/1998', '%d/%m/%Y'));
insert into PRESTAMO values (3540, 7823172, 5024020, 1, str_to_date('14/5/1998', '%d/%m/%Y'), str_to_date('28/5/1998', '%d/%m/%Y'));
insert into PRESTAMO values (3552, 12515152, 5024020, 1, str_to_date('2/10/2010', '%d/%m/%Y'), NULL);
insert into PRESTAMO values (3564, 15838332, 5024020, 6, str_to_date('15/9/1997', '%d/%m/%Y'), str_to_date('20/9/1997', '%d/%m/%Y'));
insert into PRESTAMO values (3576, 11592038, 5024020, 6, str_to_date('25/2/2001', '%d/%m/%Y'), str_to_date('6/3/2001', '%d/%m/%Y'));
insert into PRESTAMO values (3588, 9029648, 5024020, 6, str_to_date('22/1/1993', '%d/%m/%Y'), str_to_date('26/1/1993', '%d/%m/%Y'));
insert into PRESTAMO values (3612, 2894123, 5024020, 6, str_to_date('26/10/2011', '%d/%m/%Y'), NULL);
insert into PRESTAMO values (3624, 8393920, 5024020, 6, str_to_date('21/5/2011', '%d/%m/%Y'), NULL);
insert into PRESTAMO values (3636, 4839392, 5024020, 6, str_to_date('27/3/2011', '%d/%m/%Y'), NULL);
insert into PRESTAMO values (3648, 91243322, 5024020, 6, str_to_date('25/9/2010', '%d/%m/%Y'), NULL);
insert into PRESTAMO values (3660, 2574114, 5024032, 6, str_to_date('2/10/2008', '%d/%m/%Y'), str_to_date('16/10/2008', '%d/%m/%Y'));
insert into PRESTAMO values (3672, 7348383, 5024032, 6, str_to_date('4/11/1997', '%d/%m/%Y'), str_to_date('4/11/1997', '%d/%m/%Y'));
insert into PRESTAMO values (3684, 7124874, 5024056, 9, str_to_date('4/7/2006', '%d/%m/%Y'), str_to_date('17/7/2006', '%d/%m/%Y'));
insert into PRESTAMO values (3696, 32947683, 5024104, 12, str_to_date('5/7/2000', '%d/%m/%Y'), str_to_date('16/7/2000', '%d/%m/%Y'));
insert into PRESTAMO values (3708, 20937832, 5024104, 12, str_to_date('27/3/2003', '%d/%m/%Y'), str_to_date('9/4/2003', '%d/%m/%Y'));
insert into PRESTAMO values (3720, 5235323, 5024104, 12, str_to_date('10/2/2011', '%d/%m/%Y'), NULL);
insert into PRESTAMO values (3732, 71954201, 5024104, 12, str_to_date('9/11/2010', '%d/%m/%Y'), NULL);
insert into PRESTAMO values (3744, 8000202, 5024116, 10, str_to_date('13/8/2011', '%d/%m/%Y'), NULL);
insert into PRESTAMO values (3756, 13929272, 5024152, 6, str_to_date('22/9/2009', '%d/%m/%Y'), str_to_date('8/10/2009', '%d/%m/%Y'));
insert into PRESTAMO values (3768, 7462906, 5024152, 6, str_to_date('1/11/2006', '%d/%m/%Y'), str_to_date('7/11/2006', '%d/%m/%Y'));
insert into PRESTAMO values (3780, 2574114, 5024152, 6, str_to_date('26/7/2010', '%d/%m/%Y'), NULL);
insert into PRESTAMO values (3792, 7124874, 5024152, 6, str_to_date('8/2/2010', '%d/%m/%Y'), NULL);
insert into PRESTAMO values (3804, 7829354, 5024176, 7, str_to_date('24/9/1995', '%d/%m/%Y'), str_to_date('26/9/1995', '%d/%m/%Y'));
insert into PRESTAMO values (3816, 91243322, 5024176, 7, str_to_date('20/12/2003', '%d/%m/%Y'), str_to_date('28/12/2003', '%d/%m/%Y'));
insert into PRESTAMO values (3828, 71259836, 5024176, 7, str_to_date('2/11/1999', '%d/%m/%Y'), str_to_date('5/11/1999', '%d/%m/%Y'));
insert into PRESTAMO values (3840, 256418, 5024176, 7, str_to_date('6/8/2002', '%d/%m/%Y'), str_to_date('20/8/2002', '%d/%m/%Y'));
insert into PRESTAMO values (3852, 7829354, 5024224, 8, str_to_date('19/1/2000', '%d/%m/%Y'), str_to_date('19/1/2000', '%d/%m/%Y'));
insert into PRESTAMO values (3864, 7838294, 5024224, 8, str_to_date('6/11/2008', '%d/%m/%Y'), str_to_date('23/11/2008', '%d/%m/%Y'));
insert into PRESTAMO values (3876, 7823172, 5024224, 8, str_to_date('7/5/2003', '%d/%m/%Y'), str_to_date('19/5/2003', '%d/%m/%Y'));
insert into PRESTAMO values (3888, 7326263, 5024224, 8, str_to_date('8/3/2010', '%d/%m/%Y'), NULL);
insert into PRESTAMO values (3900, 20937832, 5024224, 8, str_to_date('8/1/2010', '%d/%m/%Y'), NULL);
insert into PRESTAMO values (3912, 91243322, 5024236, 15, str_to_date('21/1/1996', '%d/%m/%Y'), str_to_date('26/1/1996', '%d/%m/%Y'));
insert into PRESTAMO values (3924, 7828645, 5024332, 1, str_to_date('4/10/2005', '%d/%m/%Y'), str_to_date('14/10/2005', '%d/%m/%Y'));
insert into PRESTAMO values (3936, 2894123, 5024332, 1, str_to_date('15/1/1991', '%d/%m/%Y'), str_to_date('24/1/1991', '%d/%m/%Y'));
insert into PRESTAMO values (3948, 7829354, 5024332, 1, str_to_date('13/9/2011', '%d/%m/%Y'), NULL);
insert into PRESTAMO values (3960, 16738222, 5024356, 8, str_to_date('12/4/1994', '%d/%m/%Y'), str_to_date('12/4/1994', '%d/%m/%Y'));
insert into PRESTAMO values (3972, 7462906, 5024356, 8, str_to_date('24/7/2010', '%d/%m/%Y'), NULL);
insert into PRESTAMO values (3984, 9262873, 5024356, 8, str_to_date('27/2/2011', '%d/%m/%Y'), NULL);
insert into PRESTAMO values (3996, 7124874, 5024368, 14, str_to_date('14/2/1996', '%d/%m/%Y'), str_to_date('14/2/1996', '%d/%m/%Y'));
insert into PRESTAMO values (4008, 8393920, 5024368, 14, str_to_date('7/6/2011', '%d/%m/%Y'), NULL);
insert into PRESTAMO values (4020, 8939392, 5024368, 14, str_to_date('20/6/2011', '%d/%m/%Y'), NULL);
insert into PRESTAMO values (4032, 74196599, 5024368, 14, str_to_date('27/11/2011', '%d/%m/%Y'), NULL);
insert into PRESTAMO values (4044, 7251874, 5024380, 7, str_to_date('27/4/1996', '%d/%m/%Y'), str_to_date('2/5/1996', '%d/%m/%Y'));
insert into PRESTAMO values (4056, 11443122, 5024380, 7, str_to_date('4/3/2011', '%d/%m/%Y'), NULL);
insert into PRESTAMO values (4068, 11929273, 5024380, 7, str_to_date('23/7/2010', '%d/%m/%Y'), NULL);
insert into PRESTAMO values (4080, 25254178, 5024416, 15, str_to_date('17/5/1997', '%d/%m/%Y'), str_to_date('20/5/1997', '%d/%m/%Y'));
insert into PRESTAMO values (4092, 32947683, 5024416, 15, str_to_date('1/7/1993', '%d/%m/%Y'), str_to_date('1/7/1993', '%d/%m/%Y'));
insert into PRESTAMO values (4104, 71954201, 5024416, 15, str_to_date('3/12/1999', '%d/%m/%Y'), str_to_date('21/12/1999', '%d/%m/%Y'));
insert into PRESTAMO values (4116, 7462906, 5024416, 15, str_to_date('10/5/1993', '%d/%m/%Y'), str_to_date('18/5/1993', '%d/%m/%Y'));
insert into PRESTAMO values (4128, 7839293, 5024428, 5, str_to_date('26/6/2011', '%d/%m/%Y'), NULL);
insert into PRESTAMO values (4140, 773983, 5024428, 5, str_to_date('9/4/2011', '%d/%m/%Y'), NULL);
insert into PRESTAMO values (4152, 7389298, 5024452, 2, str_to_date('20/7/1990', '%d/%m/%Y'), str_to_date('8/8/1990', '%d/%m/%Y'));
insert into PRESTAMO values (4164, 773983, 5024452, 2, str_to_date('13/8/2010', '%d/%m/%Y'), NULL);
insert into PRESTAMO values (4176, 7851489, 5024452, 2, str_to_date('18/11/2010', '%d/%m/%Y'), NULL);
insert into PRESTAMO values (4188, 7112783, 5024452, 2, str_to_date('7/9/2010', '%d/%m/%Y'), NULL);
insert into PRESTAMO values (4200, 8382939, 5024524, 15, str_to_date('14/9/1994', '%d/%m/%Y'), str_to_date('22/9/1994', '%d/%m/%Y'));
insert into PRESTAMO values (4212, 7389298, 5024524, 15, str_to_date('19/7/1992', '%d/%m/%Y'), str_to_date('2/8/1992', '%d/%m/%Y'));
insert into PRESTAMO values (4224, 7823172, 5024524, 15, str_to_date('25/3/2008', '%d/%m/%Y'), str_to_date('28/3/2008', '%d/%m/%Y'));
insert into PRESTAMO values (4236, 6373728, 5024524, 15, str_to_date('7/3/1993', '%d/%m/%Y'), str_to_date('14/3/1993', '%d/%m/%Y'));
insert into PRESTAMO values (4248, 12283833, 5024548, 7, str_to_date('2/3/2006', '%d/%m/%Y'), str_to_date('11/3/2006', '%d/%m/%Y'));
insert into PRESTAMO values (4260, 256418, 5024548, 7, str_to_date('27/5/2002', '%d/%m/%Y'), str_to_date('29/5/2002', '%d/%m/%Y'));
insert into PRESTAMO values (4272, 22874843, 5024548, 7, str_to_date('5/10/1999', '%d/%m/%Y'), str_to_date('24/10/1999', '%d/%m/%Y'));
insert into PRESTAMO values (4284, 12515152, 5024548, 7, str_to_date('9/4/2010', '%d/%m/%Y'), NULL);
insert into PRESTAMO values (4296, 7453920, 5024548, 8, str_to_date('6/3/2002', '%d/%m/%Y'), str_to_date('18/3/2002', '%d/%m/%Y'));
insert into PRESTAMO values (4308, 13929272, 5024548, 8, str_to_date('4/2/2010', '%d/%m/%Y'), NULL);
insert into PRESTAMO values (4320, 74196599, 5024548, 8, str_to_date('7/9/2011', '%d/%m/%Y'), NULL);
insert into PRESTAMO values (4332, 2894123, 5024548, 8, str_to_date('25/5/2010', '%d/%m/%Y'), NULL);
insert into PRESTAMO values (4344, 7462906, 5024560, 12, str_to_date('15/11/2006', '%d/%m/%Y'), str_to_date('15/11/2006', '%d/%m/%Y'));
insert into PRESTAMO values (4356, 4568418, 5024560, 12, str_to_date('15/8/1997', '%d/%m/%Y'), str_to_date('15/8/1997', '%d/%m/%Y'));
insert into PRESTAMO values (4368, 6883822, 5024596, 14, str_to_date('7/1/1992', '%d/%m/%Y'), str_to_date('15/1/1992', '%d/%m/%Y'));
insert into PRESTAMO values (4380, 7326263, 5024596, 14, str_to_date('7/7/2009', '%d/%m/%Y'), str_to_date('10/7/2009', '%d/%m/%Y'));
insert into PRESTAMO values (4392, 25254178, 5024596, 14, str_to_date('27/11/2010', '%d/%m/%Y'), NULL);
insert into PRESTAMO values (4404, 74196599, 5024596, 14, str_to_date('27/9/2010', '%d/%m/%Y'), NULL);
insert into PRESTAMO values (4416, 6373728, 5024620, 3, str_to_date('24/11/2008', '%d/%m/%Y'), str_to_date('12/12/2008', '%d/%m/%Y'));
insert into PRESTAMO values (4428, 7251874, 5024620, 3, str_to_date('12/10/1992', '%d/%m/%Y'), str_to_date('28/10/1992', '%d/%m/%Y'));
insert into PRESTAMO values (4440, 7389298, 5024620, 3, str_to_date('11/12/2004', '%d/%m/%Y'), str_to_date('12/12/2004', '%d/%m/%Y'));
insert into PRESTAMO values (4452, 773983, 5024620, 3, str_to_date('15/12/2011', '%d/%m/%Y'), NULL);
insert into PRESTAMO values (4464, 11543192, 5024620, 3, str_to_date('3/7/2010', '%d/%m/%Y'), NULL);
insert into PRESTAMO values (4476, 7301387, 5024632, 7, str_to_date('6/6/2008', '%d/%m/%Y'), str_to_date('11/6/2008', '%d/%m/%Y'));
insert into PRESTAMO values (4488, 256418, 5024632, 7, str_to_date('19/2/2011', '%d/%m/%Y'), NULL);
insert into PRESTAMO values (4500, 2894123, 5024692, 2, str_to_date('2/2/2001', '%d/%m/%Y'), str_to_date('11/2/2001', '%d/%m/%Y'));
insert into PRESTAMO values (4512, 4568418, 5024692, 2, str_to_date('21/2/2009', '%d/%m/%Y'), str_to_date('1/3/2009', '%d/%m/%Y'));
insert into PRESTAMO values (4524, 11932930, 5024692, 2, str_to_date('23/2/2011', '%d/%m/%Y'), NULL);
insert into PRESTAMO values (4536, 8000202, 5024692, 2, str_to_date('11/8/2010', '%d/%m/%Y'), NULL);
insert into PRESTAMO values (4548, 7897445, 5024692, 3, str_to_date('13/2/1991', '%d/%m/%Y'), str_to_date('1/3/1991', '%d/%m/%Y'));
insert into PRESTAMO values (4560, 74196599, 5024692, 3, str_to_date('15/10/1996', '%d/%m/%Y'), str_to_date('3/11/1996', '%d/%m/%Y'));
insert into PRESTAMO values (4572, 11279546, 5024692, 4, str_to_date('16/5/1996', '%d/%m/%Y'), str_to_date('5/6/1996', '%d/%m/%Y'));
insert into PRESTAMO values (4584, 7462906, 5024692, 4, str_to_date('26/4/2002', '%d/%m/%Y'), str_to_date('14/5/2002', '%d/%m/%Y'));
insert into PRESTAMO values (4596, 32947683, 5024692, 4, str_to_date('8/6/1996', '%d/%m/%Y'), str_to_date('12/6/1996', '%d/%m/%Y'));
insert into PRESTAMO values (4608, 11592038, 5024692, 4, str_to_date('8/6/1996', '%d/%m/%Y'), str_to_date('9/6/1996', '%d/%m/%Y'));
insert into PRESTAMO values (4620, 3546546, 5024704, 3, str_to_date('25/2/2010', '%d/%m/%Y'), NULL);
insert into PRESTAMO values (4632, 11443122, 5024716, 8, str_to_date('21/6/1993', '%d/%m/%Y'), str_to_date('24/6/1993', '%d/%m/%Y'));
insert into PRESTAMO values (4644, 8939302, 5024716, 8, str_to_date('18/6/2009', '%d/%m/%Y'), str_to_date('7/7/2009', '%d/%m/%Y'));
insert into PRESTAMO values (4656, 33333333, 5024716, 8, str_to_date('9/8/1996', '%d/%m/%Y'), str_to_date('18/8/1996', '%d/%m/%Y'));
insert into PRESTAMO values (4668, 7301387, 5024716, 8, str_to_date('6/1/2010', '%d/%m/%Y'), NULL);
insert into PRESTAMO values (4680, 8393920, 5024716, 8, str_to_date('13/2/2010', '%d/%m/%Y'), NULL);
insert into PRESTAMO values (4692, 71259836, 5024716, 8, str_to_date('12/7/2011', '%d/%m/%Y'), NULL);
insert into PRESTAMO values (4704, 22874843, 5024716, 9, str_to_date('3/1/1997', '%d/%m/%Y'), str_to_date('14/1/1997', '%d/%m/%Y'));
insert into PRESTAMO values (4716, 7112783, 5024728, 12, str_to_date('19/5/2004', '%d/%m/%Y'), str_to_date('8/6/2004', '%d/%m/%Y'));
insert into PRESTAMO values (4728, 9262873, 5024728, 12, str_to_date('14/2/1995', '%d/%m/%Y'), str_to_date('1/3/1995', '%d/%m/%Y'));
insert into PRESTAMO values (4740, 23435455, 5024728, 12, str_to_date('15/2/2011', '%d/%m/%Y'), NULL);
insert into PRESTAMO values (4752, 6883822, 5024728, 12, str_to_date('24/3/2010', '%d/%m/%Y'), NULL);
insert into PRESTAMO values (4764, 7112783, 5024728, 12, str_to_date('7/5/2011', '%d/%m/%Y'), NULL);
insert into PRESTAMO values (4776, 6859236, 5024728, 14, str_to_date('16/9/1999', '%d/%m/%Y'), str_to_date('30/9/1999', '%d/%m/%Y'));
insert into PRESTAMO values (4788, 33333333, 5024728, 14, str_to_date('22/3/1994', '%d/%m/%Y'), str_to_date('28/3/1994', '%d/%m/%Y'));
insert into PRESTAMO values (4800, 20937832, 5024728, 14, str_to_date('17/7/1995', '%d/%m/%Y'), str_to_date('25/7/1995', '%d/%m/%Y'));
insert into PRESTAMO values (4812, 14244148, 5024728, 14, str_to_date('13/5/1991', '%d/%m/%Y'), str_to_date('19/5/1991', '%d/%m/%Y'));
insert into PRESTAMO values (4824, 7348383, 5024728, 14, str_to_date('10/9/2010', '%d/%m/%Y'), NULL);
insert into PRESTAMO values (4836, 2894123, 5024728, 14, str_to_date('7/4/2011', '%d/%m/%Y'), NULL);
insert into PRESTAMO values (4848, 14244148, 5024728, 14, str_to_date('10/4/2011', '%d/%m/%Y'), NULL);
insert into PRESTAMO values (4860, 8393920, 5024728, 14, str_to_date('10/4/2010', '%d/%m/%Y'), NULL);
insert into PRESTAMO values (4872, 13929272, 5024740, 13, str_to_date('23/12/2008', '%d/%m/%Y'), str_to_date('27/12/2008', '%d/%m/%Y'));
insert into PRESTAMO values (4884, 33333333, 5024740, 13, str_to_date('4/6/1992', '%d/%m/%Y'), str_to_date('13/6/1992', '%d/%m/%Y'));
insert into PRESTAMO values (4896, 7823172, 5024740, 13, str_to_date('22/1/2010', '%d/%m/%Y'), NULL);
insert into PRESTAMO values (4908, 8939302, 5024752, 11, str_to_date('22/4/1999', '%d/%m/%Y'), str_to_date('24/4/1999', '%d/%m/%Y'));
insert into PRESTAMO values (4920, 6859236, 5024752, 11, str_to_date('15/12/2005', '%d/%m/%Y'), str_to_date('18/12/2005', '%d/%m/%Y'));
insert into PRESTAMO values (4932, 7251874, 5024752, 11, str_to_date('16/9/1991', '%d/%m/%Y'), str_to_date('28/9/1991', '%d/%m/%Y'));
insert into PRESTAMO values (4944, 7124874, 5024752, 11, str_to_date('22/9/2010', '%d/%m/%Y'), NULL);
insert into PRESTAMO values (4956, 11000258, 5024752, 11, str_to_date('2/2/2011', '%d/%m/%Y'), NULL);
insert into PRESTAMO values (4968, 71493016, 5024752, 11, str_to_date('25/11/2011', '%d/%m/%Y'), NULL);
insert into PRESTAMO values (4992, 11592038, 5024752, 13, str_to_date('16/3/2010', '%d/%m/%Y'), NULL);
insert into PRESTAMO values (5004, 7348383, 5024752, 13, str_to_date('24/2/2010', '%d/%m/%Y'), NULL);
insert into PRESTAMO values (5016, 11000258, 5024764, 6, str_to_date('2/11/2010', '%d/%m/%Y'), NULL);
insert into PRESTAMO values (5028, 11543192, 5024764, 6, str_to_date('10/7/2011', '%d/%m/%Y'), NULL);
insert into PRESTAMO values (5040, 7829354, 5024776, 11, str_to_date('21/5/2002', '%d/%m/%Y'), str_to_date('5/6/2002', '%d/%m/%Y'));
insert into PRESTAMO values (5052, 94246322, 5024776, 11, str_to_date('21/12/2005', '%d/%m/%Y'), str_to_date('29/12/2005', '%d/%m/%Y'));
insert into PRESTAMO values (5064, 7395860, 5024776, 11, str_to_date('5/6/2001', '%d/%m/%Y'), str_to_date('7/6/2001', '%d/%m/%Y'));
insert into PRESTAMO values (5076, 2574114, 5024776, 11, str_to_date('25/5/1992', '%d/%m/%Y'), str_to_date('3/6/1992', '%d/%m/%Y'));
insert into PRESTAMO values (5088, 7838294, 5024776, 11, str_to_date('14/8/2011', '%d/%m/%Y'), NULL);
insert into PRESTAMO values (5100, 22874843, 5024776, 11, str_to_date('16/4/2010', '%d/%m/%Y'), NULL);
insert into PRESTAMO values (5112, 8939392, 5024872, 3, str_to_date('13/2/1995', '%d/%m/%Y'), str_to_date('28/2/1995', '%d/%m/%Y'));
insert into PRESTAMO values (5124, 7219752, 5024872, 3, str_to_date('24/9/1999', '%d/%m/%Y'), str_to_date('24/9/1999', '%d/%m/%Y'));
insert into PRESTAMO values (5136, 8939392, 5024872, 3, str_to_date('23/3/2010', '%d/%m/%Y'), NULL);
insert into PRESTAMO values (5148, 15838332, 5024872, 3, str_to_date('9/12/2011', '%d/%m/%Y'), NULL);
insert into PRESTAMO values (5160, 11592038, 5024872, 5, str_to_date('16/10/1995', '%d/%m/%Y'), str_to_date('18/10/1995', '%d/%m/%Y'));
insert into PRESTAMO values (5172, 6859236, 5024872, 5, str_to_date('19/1/2009', '%d/%m/%Y'), str_to_date('21/1/2009', '%d/%m/%Y'));
insert into PRESTAMO values (5184, 8382939, 5024872, 5, str_to_date('16/9/2002', '%d/%m/%Y'), str_to_date('20/9/2002', '%d/%m/%Y'));
insert into PRESTAMO values (5196, 11279546, 5024872, 5, str_to_date('4/6/1997', '%d/%m/%Y'), str_to_date('12/6/1997', '%d/%m/%Y'));
insert into PRESTAMO values (5208, 7219752, 5024872, 8, str_to_date('19/10/1997', '%d/%m/%Y'), str_to_date('23/10/1997', '%d/%m/%Y'));
insert into PRESTAMO values (5220, 6883822, 5024872, 8, str_to_date('15/7/1998', '%d/%m/%Y'), str_to_date('18/7/1998', '%d/%m/%Y'));
insert into PRESTAMO values (5232, 16738222, 5024872, 8, str_to_date('8/9/1993', '%d/%m/%Y'), str_to_date('22/9/1993', '%d/%m/%Y'));
insert into PRESTAMO values (5244, 256418, 5024872, 8, str_to_date('23/11/1995', '%d/%m/%Y'), str_to_date('27/11/1995', '%d/%m/%Y'));
insert into PRESTAMO values (5256, 7152638, 5024884, 2, str_to_date('16/8/1992', '%d/%m/%Y'), str_to_date('21/8/1992', '%d/%m/%Y'));
insert into PRESTAMO values (5268, 7897445, 5024896, 13, str_to_date('18/4/1990', '%d/%m/%Y'), str_to_date('26/4/1990', '%d/%m/%Y'));
insert into PRESTAMO values (5280, 32947683, 5024896, 13, str_to_date('8/10/2002', '%d/%m/%Y'), str_to_date('19/10/2002', '%d/%m/%Y'));
insert into PRESTAMO values (5292, 7897445, 5024896, 13, str_to_date('1/5/2004', '%d/%m/%Y'), str_to_date('10/5/2004', '%d/%m/%Y'));
insert into PRESTAMO values (5304, 8382939, 5024896, 13, str_to_date('17/7/2011', '%d/%m/%Y'), NULL);
insert into PRESTAMO values (5316, 8382939, 5024908, 15, str_to_date('2/3/1995', '%d/%m/%Y'), str_to_date('5/3/1995', '%d/%m/%Y'));
insert into PRESTAMO values (5328, 3546546, 5024908, 15, str_to_date('8/7/1994', '%d/%m/%Y'), str_to_date('21/7/1994', '%d/%m/%Y'));
insert into PRESTAMO values (5340, 4568418, 5024908, 15, str_to_date('20/8/2003', '%d/%m/%Y'), str_to_date('27/8/2003', '%d/%m/%Y'));
insert into PRESTAMO values (5352, 14244148, 5024908, 15, str_to_date('25/11/2011', '%d/%m/%Y'), NULL);
insert into PRESTAMO values (5364, 13929272, 5024908, 15, str_to_date('8/12/2010', '%d/%m/%Y'), NULL);
insert into PRESTAMO values (5376, 71259836, 5024908, 15, str_to_date('17/12/2011', '%d/%m/%Y'), NULL);
insert into PRESTAMO values (5388, 6373728, 5024908, 1, str_to_date('16/5/1994', '%d/%m/%Y'), str_to_date('22/5/1994', '%d/%m/%Y'));
insert into PRESTAMO values (5400, 2315525, 5024908, 9, str_to_date('25/12/2003', '%d/%m/%Y'), str_to_date('14/1/2004', '%d/%m/%Y'));
insert into PRESTAMO values (5412, 6883822, 5024908, 9, str_to_date('24/6/2011', '%d/%m/%Y'), NULL);
insert into PRESTAMO values (5424, 8939392, 5024908, 9, str_to_date('6/12/2011', '%d/%m/%Y'), NULL);
insert into PRESTAMO values (5436, 12312389, 5024920, 5, str_to_date('7/9/2005', '%d/%m/%Y'), str_to_date('7/9/2005', '%d/%m/%Y'));
insert into PRESTAMO values (5448, 7112783, 5024920, 5, str_to_date('19/7/2011', '%d/%m/%Y'), NULL);
insert into PRESTAMO values (5460, 94246322, 5024920, 12, str_to_date('7/10/1991', '%d/%m/%Y'), str_to_date('25/10/1991', '%d/%m/%Y'));
insert into PRESTAMO values (5472, 7219752, 5024920, 12, str_to_date('5/8/1999', '%d/%m/%Y'), str_to_date('17/8/1999', '%d/%m/%Y'));
insert into PRESTAMO values (5484, 11000258, 5024920, 12, str_to_date('13/6/1999', '%d/%m/%Y'), str_to_date('23/6/1999', '%d/%m/%Y'));
insert into PRESTAMO values (5496, 8433839, 5024920, 12, str_to_date('6/12/2011', '%d/%m/%Y'), NULL);
insert into PRESTAMO values (5508, 7838294, 5024932, 8, str_to_date('5/9/1994', '%d/%m/%Y'), str_to_date('20/9/1994', '%d/%m/%Y'));
insert into PRESTAMO values (5520, 7395860, 5024932, 8, str_to_date('23/4/2011', '%d/%m/%Y'), NULL);
insert into PRESTAMO values (5532, 2894123, 5024932, 8, str_to_date('17/1/2010', '%d/%m/%Y'), NULL);
insert into PRESTAMO values (5544, 7425362, 5024932, 8, str_to_date('24/2/2010', '%d/%m/%Y'), NULL);
insert into PRESTAMO values (5556, 8939302, 5024932, 8, str_to_date('15/5/2010', '%d/%m/%Y'), NULL);
insert into PRESTAMO values (5568, 8382939, 5024932, 12, str_to_date('21/4/1996', '%d/%m/%Y'), str_to_date('23/4/1996', '%d/%m/%Y'));
insert into PRESTAMO values (5580, 6883822, 5024932, 12, str_to_date('10/7/1992', '%d/%m/%Y'), str_to_date('29/7/1992', '%d/%m/%Y'));
insert into PRESTAMO values (5592, 11929273, 5024932, 12, str_to_date('18/3/2010', '%d/%m/%Y'), NULL);
insert into PRESTAMO values (5604, 32947683, 5024944, 8, str_to_date('6/3/2005', '%d/%m/%Y'), str_to_date('14/3/2005', '%d/%m/%Y'));
insert into PRESTAMO values (5616, 16738222, 5024944, 8, str_to_date('27/6/2009', '%d/%m/%Y'), str_to_date('4/7/2009', '%d/%m/%Y'));
insert into PRESTAMO values (5628, 15838332, 5024944, 8, str_to_date('15/12/2002', '%d/%m/%Y'), str_to_date('26/12/2002', '%d/%m/%Y'));
insert into PRESTAMO values (5640, 8382939, 5024944, 8, str_to_date('9/5/1991', '%d/%m/%Y'), str_to_date('14/5/1991', '%d/%m/%Y'));
insert into PRESTAMO values (5652, 7453920, 5024944, 8, str_to_date('22/6/2010', '%d/%m/%Y'), NULL);
insert into PRESTAMO values (5664, 8393920, 5024944, 8, str_to_date('25/5/2011', '%d/%m/%Y'), NULL);
insert into PRESTAMO values (5676, 7326263, 5024944, 8, str_to_date('16/1/2010', '%d/%m/%Y'), NULL);
insert into PRESTAMO values (5688, 11592038, 5024944, 14, str_to_date('13/8/2011', '%d/%m/%Y'), NULL);
insert into PRESTAMO values (5700, 7823172, 5024944, 14, str_to_date('19/3/2010', '%d/%m/%Y'), NULL);
insert into PRESTAMO values (5712, 7395860, 5024944, 14, str_to_date('10/10/2010', '%d/%m/%Y'), NULL);
insert into PRESTAMO values (5724, 6883822, 5025016, 1, str_to_date('16/8/1995', '%d/%m/%Y'), str_to_date('23/8/1995', '%d/%m/%Y'));
insert into PRESTAMO values (5736, 8382939, 5025016, 1, str_to_date('12/10/2004', '%d/%m/%Y'), str_to_date('12/10/2004', '%d/%m/%Y'));
insert into PRESTAMO values (5748, 74567890, 5025016, 1, str_to_date('17/5/2006', '%d/%m/%Y'), str_to_date('22/5/2006', '%d/%m/%Y'));
insert into PRESTAMO values (5760, 71954201, 5025016, 1, str_to_date('9/12/1993', '%d/%m/%Y'), str_to_date('16/12/1993', '%d/%m/%Y'));
insert into PRESTAMO values (5772, 8939302, 5025040, 15, str_to_date('25/3/1995', '%d/%m/%Y'), str_to_date('14/4/1995', '%d/%m/%Y'));
insert into PRESTAMO values (5784, 8433839, 5025040, 15, str_to_date('3/8/2002', '%d/%m/%Y'), str_to_date('8/8/2002', '%d/%m/%Y'));
insert into PRESTAMO values (5796, 16738222, 5025040, 15, str_to_date('23/2/2010', '%d/%m/%Y'), NULL);
insert into PRESTAMO values (5808, 20937832, 5025040, 15, str_to_date('9/9/2010', '%d/%m/%Y'), NULL);
insert into PRESTAMO values (5820, 11000258, 5025040, 4, str_to_date('19/12/1995', '%d/%m/%Y'), str_to_date('28/12/1995', '%d/%m/%Y'));
insert into PRESTAMO values (5832, 256418, 5025040, 4, str_to_date('22/3/2008', '%d/%m/%Y'), str_to_date('4/4/2008', '%d/%m/%Y'));
insert into PRESTAMO values (5844, 11932930, 5025040, 4, str_to_date('21/1/2005', '%d/%m/%Y'), str_to_date('8/2/2005', '%d/%m/%Y'));
insert into PRESTAMO values (5856, 4566784, 5025040, 4, str_to_date('10/2/2003', '%d/%m/%Y'), str_to_date('11/2/2003', '%d/%m/%Y'));
insert into PRESTAMO values (5868, 12939272, 5025040, 4, str_to_date('16/1/2011', '%d/%m/%Y'), NULL);
insert into PRESTAMO values (5880, 2574114, 5025040, 4, str_to_date('17/11/2010', '%d/%m/%Y'), NULL);
insert into PRESTAMO values (5892, 9262873, 5025052, 11, str_to_date('16/9/2004', '%d/%m/%Y'), str_to_date('29/9/2004', '%d/%m/%Y'));
insert into PRESTAMO values (5904, 7112783, 5025052, 11, str_to_date('21/3/1990', '%d/%m/%Y'), str_to_date('26/3/1990', '%d/%m/%Y'));
insert into PRESTAMO values (5916, 7251874, 5025052, 11, str_to_date('24/7/1996', '%d/%m/%Y'), str_to_date('2/8/1996', '%d/%m/%Y'));
insert into PRESTAMO values (5928, 12515152, 5025076, 12, str_to_date('7/8/2000', '%d/%m/%Y'), str_to_date('17/8/2000', '%d/%m/%Y'));
insert into PRESTAMO values (5940, 12283833, 5025076, 12, str_to_date('24/2/2001', '%d/%m/%Y'), str_to_date('26/2/2001', '%d/%m/%Y'));
insert into PRESTAMO values (5952, 8433839, 5025088, 9, str_to_date('23/7/1997', '%d/%m/%Y'), str_to_date('24/7/1997', '%d/%m/%Y'));
insert into PRESTAMO values (5964, 74196599, 5025088, 9, str_to_date('21/8/2007', '%d/%m/%Y'), str_to_date('10/9/2007', '%d/%m/%Y'));
insert into PRESTAMO values (5976, 11279546, 5025088, 9, str_to_date('27/12/2008', '%d/%m/%Y'), str_to_date('10/1/2009', '%d/%m/%Y'));
insert into PRESTAMO values (5988, 7124874, 5025088, 9, str_to_date('13/3/1997', '%d/%m/%Y'), str_to_date('26/3/1997', '%d/%m/%Y'));
insert into PRESTAMO values (6000, 12312389, 5025088, 9, str_to_date('26/11/2011', '%d/%m/%Y'), NULL);
insert into PRESTAMO values (6012, 33333333, 5025088, 9, str_to_date('16/11/2011', '%d/%m/%Y'), NULL);
insert into PRESTAMO values (6024, 20937832, 5025088, 9, str_to_date('18/6/2011', '%d/%m/%Y'), NULL);
insert into PRESTAMO values (6036, 15838332, 5025100, 14, str_to_date('22/10/1993', '%d/%m/%Y'), str_to_date('4/11/1993', '%d/%m/%Y'));
insert into PRESTAMO values (6048, 7425362, 5025100, 14, str_to_date('7/2/2011', '%d/%m/%Y'), NULL);
insert into PRESTAMO values (6060, 11592038, 5025112, 7, str_to_date('8/7/1999', '%d/%m/%Y'), str_to_date('13/7/1999', '%d/%m/%Y'));
insert into PRESTAMO values (6072, 41743122, 5025112, 7, str_to_date('9/5/2011', '%d/%m/%Y'), NULL);
insert into PRESTAMO values (6084, 7301387, 5025112, 7, str_to_date('24/10/2010', '%d/%m/%Y'), NULL);
insert into PRESTAMO values (6096, 7301387, 5025112, 7, str_to_date('14/6/2010', '%d/%m/%Y'), NULL);
insert into PRESTAMO values (6108, 33333333, 5025136, 7, str_to_date('26/1/1992', '%d/%m/%Y'), str_to_date('6/2/1992', '%d/%m/%Y'));
insert into PRESTAMO values (6120, 7425362, 5025136, 7, str_to_date('12/9/2008', '%d/%m/%Y'), str_to_date('19/9/2008', '%d/%m/%Y'));
insert into PRESTAMO values (6132, 71493016, 5025136, 7, str_to_date('6/3/2010', '%d/%m/%Y'), NULL);
insert into PRESTAMO values (6144, 773983, 5025148, 2, str_to_date('24/8/1997', '%d/%m/%Y'), str_to_date('1/9/1997', '%d/%m/%Y'));
insert into PRESTAMO values (6156, 33333333, 5025148, 2, str_to_date('25/11/2011', '%d/%m/%Y'), NULL);
insert into PRESTAMO values (6168, 2894123, 5025148, 2, str_to_date('12/8/2010', '%d/%m/%Y'), NULL);
insert into PRESTAMO values (6180, 71259836, 5025148, 5, str_to_date('6/2/2000', '%d/%m/%Y'), str_to_date('22/2/2000', '%d/%m/%Y'));
insert into PRESTAMO values (6192, 16738222, 5025148, 5, str_to_date('24/5/1999', '%d/%m/%Y'), str_to_date('8/6/1999', '%d/%m/%Y'));
insert into PRESTAMO values (6204, 7453920, 5025148, 5, str_to_date('5/1/1998', '%d/%m/%Y'), str_to_date('10/1/1998', '%d/%m/%Y'));
insert into PRESTAMO values (6216, 94246322, 5025148, 5, str_to_date('25/6/2011', '%d/%m/%Y'), NULL);
insert into PRESTAMO values (6228, 3546546, 5025172, 2, str_to_date('5/1/2004', '%d/%m/%Y'), str_to_date('23/1/2004', '%d/%m/%Y'));
insert into PRESTAMO values (6240, 22874843, 5025172, 2, str_to_date('6/6/2008', '%d/%m/%Y'), str_to_date('23/6/2008', '%d/%m/%Y'));
insert into PRESTAMO values (6252, 7453920, 5025172, 2, str_to_date('9/10/1999', '%d/%m/%Y'), str_to_date('25/10/1999', '%d/%m/%Y'));
insert into PRESTAMO values (6264, 4566784, 5025172, 4, str_to_date('1/4/1998', '%d/%m/%Y'), str_to_date('19/4/1998', '%d/%m/%Y'));
insert into PRESTAMO values (6276, 8382939, 5025208, 4, str_to_date('23/8/1995', '%d/%m/%Y'), str_to_date('28/8/1995', '%d/%m/%Y'));
insert into PRESTAMO values (6288, 7897445, 5025208, 4, str_to_date('20/6/2010', '%d/%m/%Y'), NULL);
insert into PRESTAMO values (6300, 2894123, 5025208, 4, str_to_date('16/1/2010', '%d/%m/%Y'), NULL);
insert into PRESTAMO values (6312, 7453920, 5025208, 4, str_to_date('21/12/2010', '%d/%m/%Y'), NULL);
insert into PRESTAMO values (6324, 6373728, 5025208, 14, str_to_date('8/3/2010', '%d/%m/%Y'), NULL);
insert into PRESTAMO values (6336, 6859236, 5025244, 3, str_to_date('8/1/1991', '%d/%m/%Y'), str_to_date('26/1/1991', '%d/%m/%Y'));
insert into PRESTAMO values (6348, 12283833, 5025244, 3, str_to_date('5/8/2008', '%d/%m/%Y'), str_to_date('24/8/2008', '%d/%m/%Y'));
insert into PRESTAMO values (6360, 8000202, 5025244, 3, str_to_date('18/2/2011', '%d/%m/%Y'), NULL);
insert into PRESTAMO values (6372, 11592038, 5025244, 3, str_to_date('1/8/2010', '%d/%m/%Y'), NULL);
insert into PRESTAMO values (6384, 7897445, 5025256, 15, str_to_date('4/11/2001', '%d/%m/%Y'), str_to_date('12/11/2001', '%d/%m/%Y'));
insert into PRESTAMO values (6396, 7828645, 5025256, 15, str_to_date('24/5/1990', '%d/%m/%Y'), str_to_date('12/6/1990', '%d/%m/%Y'));
insert into PRESTAMO values (6408, 3546546, 5025256, 15, str_to_date('20/3/2010', '%d/%m/%Y'), NULL);
insert into PRESTAMO values (6420, 7839293, 5025256, 15, str_to_date('10/11/2011', '%d/%m/%Y'), NULL);
insert into PRESTAMO values (6432, 7823172, 5025256, 15, str_to_date('21/9/2011', '%d/%m/%Y'), NULL);
insert into PRESTAMO values (6444, 74196599, 5025256, 12, str_to_date('17/2/2007', '%d/%m/%Y'), str_to_date('19/2/2007', '%d/%m/%Y'));
insert into PRESTAMO values (6456, 71259836, 5025256, 12, str_to_date('10/12/2010', '%d/%m/%Y'), NULL);
insert into PRESTAMO values (6480, 71259836, 5025268, 1, str_to_date('10/8/1997', '%d/%m/%Y'), str_to_date('18/8/1997', '%d/%m/%Y'));
insert into PRESTAMO values (6492, 74567890, 5025268, 1, str_to_date('21/12/1997', '%d/%m/%Y'), str_to_date('29/12/1997', '%d/%m/%Y'));
insert into PRESTAMO values (6504, 32947683, 5025268, 1, str_to_date('10/8/1992', '%d/%m/%Y'), str_to_date('21/8/1992', '%d/%m/%Y'));
insert into PRESTAMO values (6516, 32947683, 5025268, 1, str_to_date('5/4/1992', '%d/%m/%Y'), str_to_date('11/4/1992', '%d/%m/%Y'));
insert into PRESTAMO values (6528, 14244148, 5025268, 2, str_to_date('17/8/2008', '%d/%m/%Y'), str_to_date('21/8/2008', '%d/%m/%Y'));
insert into PRESTAMO values (6540, 7829354, 5025268, 6, str_to_date('1/12/2001', '%d/%m/%Y'), str_to_date('8/12/2001', '%d/%m/%Y'));
insert into PRESTAMO values (6552, 2574114, 5025268, 6, str_to_date('16/9/2011', '%d/%m/%Y'), NULL);
insert into PRESTAMO values (6564, 6859236, 5025280, 10, str_to_date('15/8/1997', '%d/%m/%Y'), str_to_date('27/8/1997', '%d/%m/%Y'));
insert into PRESTAMO values (6576, 11443122, 5025280, 10, str_to_date('4/7/1996', '%d/%m/%Y'), str_to_date('14/7/1996', '%d/%m/%Y'));
insert into PRESTAMO values (6588, 22874843, 5025292, 2, str_to_date('23/2/1998', '%d/%m/%Y'), str_to_date('28/2/1998', '%d/%m/%Y'));
insert into PRESTAMO values (6600, 2574114, 5025292, 2, str_to_date('8/12/2011', '%d/%m/%Y'), NULL);
insert into PRESTAMO values (6612, 23435455, 5025292, 2, str_to_date('16/2/2010', '%d/%m/%Y'), NULL);
insert into PRESTAMO values (6624, 7219752, 5025304, 3, str_to_date('21/12/2006', '%d/%m/%Y'), str_to_date('30/12/2006', '%d/%m/%Y'));
insert into PRESTAMO values (6636, 7425362, 5025304, 3, str_to_date('18/12/1994', '%d/%m/%Y'), str_to_date('26/12/1994', '%d/%m/%Y'));
insert into PRESTAMO values (6648, 15838332, 5025304, 3, str_to_date('24/11/1996', '%d/%m/%Y'), str_to_date('27/11/1996', '%d/%m/%Y'));
insert into PRESTAMO values (6660, 7112783, 5025304, 3, str_to_date('23/7/2010', '%d/%m/%Y'), NULL);
insert into PRESTAMO values (6672, 11279546, 5025316, 5, str_to_date('14/2/2011', '%d/%m/%Y'), NULL);
insert into PRESTAMO values (6684, 11543192, 5025316, 5, str_to_date('27/11/2010', '%d/%m/%Y'), NULL);
insert into PRESTAMO values (6696, 91243322, 5025340, 1, str_to_date('5/2/1997', '%d/%m/%Y'), str_to_date('12/2/1997', '%d/%m/%Y'));
insert into PRESTAMO values (6708, 33333333, 5025340, 1, str_to_date('8/10/2005', '%d/%m/%Y'), str_to_date('14/10/2005', '%d/%m/%Y'));
insert into PRESTAMO values (6720, 12515152, 5025340, 1, str_to_date('4/12/1990', '%d/%m/%Y'), str_to_date('20/12/1990', '%d/%m/%Y'));
insert into PRESTAMO values (6732, 8000202, 5025340, 1, str_to_date('26/1/1994', '%d/%m/%Y'), str_to_date('29/1/1994', '%d/%m/%Y'));
insert into PRESTAMO values (6744, 7839282, 5025340, 1, str_to_date('6/12/2011', '%d/%m/%Y'), NULL);
insert into PRESTAMO values (6756, 33333333, 5025340, 1, str_to_date('19/9/2011', '%d/%m/%Y'), NULL);
insert into PRESTAMO values (6768, 5235323, 5025340, 1, str_to_date('13/9/2010', '%d/%m/%Y'), NULL);
insert into PRESTAMO values (6780, 4566784, 5025352, 11, str_to_date('10/3/2008', '%d/%m/%Y'), str_to_date('18/3/2008', '%d/%m/%Y'));
insert into PRESTAMO values (6792, 6883822, 5025352, 11, str_to_date('5/12/2001', '%d/%m/%Y'), str_to_date('19/12/2001', '%d/%m/%Y'));
insert into PRESTAMO values (6804, 5235323, 5025352, 11, str_to_date('26/1/1991', '%d/%m/%Y'), str_to_date('13/2/1991', '%d/%m/%Y'));
insert into PRESTAMO values (6816, 13929272, 5025352, 11, str_to_date('27/4/2010', '%d/%m/%Y'), NULL);
insert into PRESTAMO values (6828, 16738222, 5025364, 15, str_to_date('8/12/1991', '%d/%m/%Y'), str_to_date('11/12/1991', '%d/%m/%Y'));
insert into PRESTAMO values (6840, 22874843, 5025364, 15, str_to_date('9/9/1992', '%d/%m/%Y'), str_to_date('20/9/1992', '%d/%m/%Y'));
insert into PRESTAMO values (6852, 25254178, 5025364, 15, str_to_date('26/3/1997', '%d/%m/%Y'), str_to_date('1/4/1997', '%d/%m/%Y'));
insert into PRESTAMO values (6864, 11932930, 5025364, 9, str_to_date('3/4/1999', '%d/%m/%Y'), str_to_date('8/4/1999', '%d/%m/%Y'));
insert into PRESTAMO values (6876, 9029648, 5025364, 9, str_to_date('13/5/1998', '%d/%m/%Y'), str_to_date('13/5/1998', '%d/%m/%Y'));
insert into PRESTAMO values (6888, 11543192, 5025364, 9, str_to_date('20/7/1997', '%d/%m/%Y'), str_to_date('8/8/1997', '%d/%m/%Y'));
insert into PRESTAMO values (6900, 7462906, 5025364, 9, str_to_date('4/5/2006', '%d/%m/%Y'), str_to_date('7/5/2006', '%d/%m/%Y'));
insert into PRESTAMO values (6912, 32947683, 5025364, 9, str_to_date('25/1/2011', '%d/%m/%Y'), NULL);
insert into PRESTAMO values (6924, 7838294, 5025376, 4, str_to_date('5/7/2004', '%d/%m/%Y'), str_to_date('17/7/2004', '%d/%m/%Y'));
insert into PRESTAMO values (6936, 41743122, 5025376, 4, str_to_date('1/11/2010', '%d/%m/%Y'), NULL);
insert into PRESTAMO values (6948, 15838332, 5025376, 4, str_to_date('12/5/2010', '%d/%m/%Y'), NULL);
insert into PRESTAMO values (6960, 6859236, 5025376, 12, str_to_date('3/7/1994', '%d/%m/%Y'), str_to_date('5/7/1994', '%d/%m/%Y'));
insert into PRESTAMO values (6972, 9262873, 5025376, 12, str_to_date('23/4/1997', '%d/%m/%Y'), str_to_date('24/4/1997', '%d/%m/%Y'));
insert into PRESTAMO values (6984, 8433839, 5025376, 12, str_to_date('24/10/2004', '%d/%m/%Y'), str_to_date('25/10/2004', '%d/%m/%Y'));
insert into PRESTAMO values (6996, 7432653, 5025376, 12, str_to_date('9/1/2011', '%d/%m/%Y'), NULL);
insert into PRESTAMO values (7008, 2894123, 5025376, 12, str_to_date('6/3/2011', '%d/%m/%Y'), NULL);
insert into PRESTAMO values (7020, 7389298, 5025388, 13, str_to_date('26/4/1996', '%d/%m/%Y'), str_to_date('12/5/1996', '%d/%m/%Y'));
insert into PRESTAMO values (7032, 11279546, 5025388, 13, str_to_date('26/11/1997', '%d/%m/%Y'), str_to_date('1/12/1997', '%d/%m/%Y'));
insert into PRESTAMO values (7044, 7425362, 5025388, 13, str_to_date('9/3/2010', '%d/%m/%Y'), NULL);
insert into PRESTAMO values (7056, 773983, 5025388, 13, str_to_date('2/3/2011', '%d/%m/%Y'), NULL);
insert into PRESTAMO values (7068, 7152638, 5025388, 13, str_to_date('17/6/2011', '%d/%m/%Y'), NULL);
insert into PRESTAMO values (7080, 773983, 5025388, 14, str_to_date('21/5/2011', '%d/%m/%Y'), NULL);
insert into PRESTAMO values (7092, 7453920, 5025436, 3, str_to_date('5/11/2010', '%d/%m/%Y'), NULL);
insert into PRESTAMO values (7104, 7251874, 5025460, 2, str_to_date('18/5/2008', '%d/%m/%Y'), str_to_date('4/6/2008', '%d/%m/%Y'));
insert into PRESTAMO values (7116, 7839282, 5025460, 2, str_to_date('9/1/2010', '%d/%m/%Y'), NULL);
insert into PRESTAMO values (7128, 8939392, 5025472, 12, str_to_date('4/10/1997', '%d/%m/%Y'), str_to_date('7/10/1997', '%d/%m/%Y'));
insert into PRESTAMO values (7140, 7301387, 5025472, 12, str_to_date('15/1/2005', '%d/%m/%Y'), str_to_date('23/1/2005', '%d/%m/%Y'));
insert into PRESTAMO values (7152, 11543192, 5025472, 12, str_to_date('26/5/1993', '%d/%m/%Y'), str_to_date('4/6/1993', '%d/%m/%Y'));
insert into PRESTAMO values (7164, 74196599, 5025472, 12, str_to_date('18/2/1993', '%d/%m/%Y'), str_to_date('27/2/1993', '%d/%m/%Y'));
insert into PRESTAMO values (7176, 12939272, 5025472, 12, str_to_date('8/8/2010', '%d/%m/%Y'), NULL);
insert into PRESTAMO values (7188, 15838332, 5025472, 12, str_to_date('11/6/2010', '%d/%m/%Y'), NULL);
insert into PRESTAMO values (7200, 9262873, 5025496, 6, str_to_date('1/10/1993', '%d/%m/%Y'), str_to_date('9/10/1993', '%d/%m/%Y'));
insert into PRESTAMO values (7212, 7395860, 5025496, 6, str_to_date('24/12/1996', '%d/%m/%Y'), str_to_date('4/1/1997', '%d/%m/%Y'));
insert into PRESTAMO values (7224, 8382939, 5025496, 6, str_to_date('2/2/2010', '%d/%m/%Y'), NULL);
insert into PRESTAMO values (7236, 2894123, 5025496, 9, str_to_date('19/7/2007', '%d/%m/%Y'), str_to_date('23/7/2007', '%d/%m/%Y'));
insert into PRESTAMO values (7248, 2315525, 5025496, 9, str_to_date('3/9/1998', '%d/%m/%Y'), str_to_date('12/9/1998', '%d/%m/%Y'));
insert into PRESTAMO values (7260, 8000202, 5025496, 9, str_to_date('11/2/1993', '%d/%m/%Y'), str_to_date('16/2/1993', '%d/%m/%Y'));
insert into PRESTAMO values (7272, 7823172, 5025496, 9, str_to_date('14/3/2002', '%d/%m/%Y'), str_to_date('29/3/2002', '%d/%m/%Y'));
insert into PRESTAMO values (7284, 11543192, 5025496, 9, str_to_date('23/5/2011', '%d/%m/%Y'), NULL);
insert into PRESTAMO values (7296, 7851489, 5025520, 4, str_to_date('14/1/1998', '%d/%m/%Y'), str_to_date('16/1/1998', '%d/%m/%Y'));
insert into PRESTAMO values (7308, 20937832, 5025520, 4, str_to_date('3/11/1990', '%d/%m/%Y'), str_to_date('21/11/1990', '%d/%m/%Y'));
insert into PRESTAMO values (7320, 12312389, 5025520, 4, str_to_date('13/4/1996', '%d/%m/%Y'), str_to_date('26/4/1996', '%d/%m/%Y'));
insert into PRESTAMO values (7332, 41743122, 5025520, 4, str_to_date('25/4/2010', '%d/%m/%Y'), NULL);
insert into PRESTAMO values (7344, 4839392, 5025520, 4, str_to_date('18/1/2011', '%d/%m/%Y'), NULL);
insert into PRESTAMO values (7356, 13929272, 5025544, 5, str_to_date('25/7/2011', '%d/%m/%Y'), NULL);
insert into PRESTAMO values (7368, 11592038, 5025556, 7, str_to_date('6/8/1990', '%d/%m/%Y'), str_to_date('19/8/1990', '%d/%m/%Y'));
insert into PRESTAMO values (7380, 11000258, 5025556, 7, str_to_date('2/8/2002', '%d/%m/%Y'), str_to_date('16/8/2002', '%d/%m/%Y'));
insert into PRESTAMO values (7392, 7897445, 5025556, 7, str_to_date('16/8/2011', '%d/%m/%Y'), NULL);
insert into PRESTAMO values (7404, 4839392, 5025580, 2, str_to_date('17/3/1997', '%d/%m/%Y'), str_to_date('1/4/1997', '%d/%m/%Y'));
insert into PRESTAMO values (7416, 7112783, 5025580, 2, str_to_date('9/8/1999', '%d/%m/%Y'), str_to_date('17/8/1999', '%d/%m/%Y'));
insert into PRESTAMO values (7428, 12515152, 5025604, 11, str_to_date('21/6/1996', '%d/%m/%Y'), str_to_date('8/7/1996', '%d/%m/%Y'));
insert into PRESTAMO values (7440, 7152638, 5025604, 11, str_to_date('15/8/2011', '%d/%m/%Y'), NULL);
insert into PRESTAMO values (7452, 12515152, 5025604, 11, str_to_date('21/4/2010', '%d/%m/%Y'), NULL);
insert into PRESTAMO values (7464, 74196599, 5025604, 11, str_to_date('21/3/2010', '%d/%m/%Y'), NULL);
insert into PRESTAMO values (7476, 12283833, 5025616, 1, str_to_date('18/1/2009', '%d/%m/%Y'), str_to_date('27/1/2009', '%d/%m/%Y'));
insert into PRESTAMO values (7488, 7425362, 5025616, 1, str_to_date('21/1/1993', '%d/%m/%Y'), str_to_date('21/1/1993', '%d/%m/%Y'));
insert into PRESTAMO values (7500, 2574114, 5025616, 1, str_to_date('8/9/2001', '%d/%m/%Y'), str_to_date('23/9/2001', '%d/%m/%Y'));
insert into PRESTAMO values (7512, 4568418, 5025616, 1, str_to_date('20/7/2011', '%d/%m/%Y'), NULL);
insert into PRESTAMO values (7524, 7301387, 5025616, 1, str_to_date('13/11/2010', '%d/%m/%Y'), NULL);
insert into PRESTAMO values (7536, 6883822, 5025652, 2, str_to_date('6/11/2001', '%d/%m/%Y'), str_to_date('10/11/2001', '%d/%m/%Y'));
insert into PRESTAMO values (7548, 7395860, 5025652, 2, str_to_date('4/3/1990', '%d/%m/%Y'), str_to_date('5/3/1990', '%d/%m/%Y'));
insert into PRESTAMO values (7560, 12312389, 5025652, 2, str_to_date('4/2/1993', '%d/%m/%Y'), str_to_date('19/2/1993', '%d/%m/%Y'));
insert into PRESTAMO values (7572, 16738222, 5025652, 2, str_to_date('4/6/2010', '%d/%m/%Y'), NULL);
insert into PRESTAMO values (7584, 11932930, 5025664, 2, str_to_date('16/8/2008', '%d/%m/%Y'), str_to_date('22/8/2008', '%d/%m/%Y'));
insert into PRESTAMO values (7596, 71493016, 5025664, 2, str_to_date('16/12/2011', '%d/%m/%Y'), NULL);
insert into PRESTAMO values (7608, 11543192, 5025664, 2, str_to_date('16/4/2011', '%d/%m/%Y'), NULL);
insert into PRESTAMO values (7620, 4839392, 5025664, 13, str_to_date('21/11/1994', '%d/%m/%Y'), str_to_date('24/11/1994', '%d/%m/%Y'));
insert into PRESTAMO values (7632, 7425362, 5025664, 13, str_to_date('17/11/2010', '%d/%m/%Y'), NULL);
insert into PRESTAMO values (7644, 3546546, 5025664, 13, str_to_date('1/1/2011', '%d/%m/%Y'), NULL);
insert into PRESTAMO values (7656, 22874843, 5025724, 12, str_to_date('12/8/2003', '%d/%m/%Y'), str_to_date('18/8/2003', '%d/%m/%Y'));
insert into PRESTAMO values (7668, 11443122, 5025724, 12, str_to_date('14/7/1992', '%d/%m/%Y'), str_to_date('17/7/1992', '%d/%m/%Y'));
insert into PRESTAMO values (7680, 13929272, 5025724, 12, str_to_date('5/6/1993', '%d/%m/%Y'), str_to_date('17/6/1993', '%d/%m/%Y'));
insert into PRESTAMO values (7692, 6883822, 5025724, 12, str_to_date('19/11/2004', '%d/%m/%Y'), str_to_date('3/12/2004', '%d/%m/%Y'));
insert into PRESTAMO values (7704, 7326263, 5025736, 6, str_to_date('23/4/2011', '%d/%m/%Y'), NULL);
insert into PRESTAMO values (7716, 12312389, 5025736, 6, str_to_date('3/10/2011', '%d/%m/%Y'), NULL);
insert into PRESTAMO values (7728, 11443122, 5025736, 6, str_to_date('18/1/2010', '%d/%m/%Y'), NULL);
insert into PRESTAMO values (7740, 14244148, 5025748, 8, str_to_date('19/6/2007', '%d/%m/%Y'), str_to_date('7/7/2007', '%d/%m/%Y'));
insert into PRESTAMO values (7752, 6883822, 5025748, 8, str_to_date('23/6/1996', '%d/%m/%Y'), str_to_date('8/7/1996', '%d/%m/%Y'));
insert into PRESTAMO values (7764, 4568418, 5025748, 8, str_to_date('18/11/2011', '%d/%m/%Y'), NULL);
insert into PRESTAMO values (7776, 7838294, 5025760, 11, str_to_date('22/5/2000', '%d/%m/%Y'), str_to_date('28/5/2000', '%d/%m/%Y'));
insert into PRESTAMO values (7788, 8382939, 5025760, 11, str_to_date('3/7/1992', '%d/%m/%Y'), str_to_date('8/7/1992', '%d/%m/%Y'));
insert into PRESTAMO values (7800, 7851489, 5025760, 11, str_to_date('26/11/2004', '%d/%m/%Y'), str_to_date('27/11/2004', '%d/%m/%Y'));
insert into PRESTAMO values (7812, 6883822, 5025760, 11, str_to_date('9/3/1997', '%d/%m/%Y'), str_to_date('27/3/1997', '%d/%m/%Y'));
insert into PRESTAMO values (7824, 71954201, 5025760, 11, str_to_date('8/3/2010', '%d/%m/%Y'), NULL);
insert into PRESTAMO values (7836, 8393920, 5025760, 11, str_to_date('6/2/2010', '%d/%m/%Y'), NULL);
insert into PRESTAMO values (7848, 91243322, 5025772, 11, str_to_date('26/5/1991', '%d/%m/%Y'), str_to_date('27/5/1991', '%d/%m/%Y'));
insert into PRESTAMO values (7860, 32947683, 5025772, 11, str_to_date('4/5/1991', '%d/%m/%Y'), str_to_date('19/5/1991', '%d/%m/%Y'));
insert into PRESTAMO values (7872, 7425362, 5025772, 11, str_to_date('10/4/2003', '%d/%m/%Y'), str_to_date('29/4/2003', '%d/%m/%Y'));
insert into PRESTAMO values (7884, 12939272, 5025808, 15, str_to_date('15/6/1993', '%d/%m/%Y'), str_to_date('22/6/1993', '%d/%m/%Y'));
insert into PRESTAMO values (7896, 11592038, 5025808, 15, str_to_date('21/3/2005', '%d/%m/%Y'), str_to_date('25/3/2005', '%d/%m/%Y'));
insert into PRESTAMO values (7908, 11279546, 5025808, 15, str_to_date('15/12/1994', '%d/%m/%Y'), str_to_date('21/12/1994', '%d/%m/%Y'));
insert into PRESTAMO values (7920, 7152638, 5025808, 15, str_to_date('1/4/2010', '%d/%m/%Y'), NULL);
insert into PRESTAMO values (7932, 7839293, 5025808, 1, str_to_date('25/8/2001', '%d/%m/%Y'), str_to_date('7/9/2001', '%d/%m/%Y'));
insert into PRESTAMO values (7944, 16738222, 5025808, 1, str_to_date('26/11/1993', '%d/%m/%Y'), str_to_date('6/12/1993', '%d/%m/%Y'));
insert into PRESTAMO values (7956, 7152638, 5025808, 1, str_to_date('7/6/1995', '%d/%m/%Y'), str_to_date('18/6/1995', '%d/%m/%Y'));
insert into PRESTAMO values (7968, 11279546, 5025808, 1, str_to_date('26/9/2010', '%d/%m/%Y'), NULL);
insert into PRESTAMO values (7980, 15838332, 5025808, 2, str_to_date('21/12/2005', '%d/%m/%Y'), str_to_date('27/12/2005', '%d/%m/%Y'));
insert into PRESTAMO values (7992, 7432653, 5025808, 2, str_to_date('20/11/2004', '%d/%m/%Y'), str_to_date('24/11/2004', '%d/%m/%Y'));
insert into PRESTAMO values (8004, 3546546, 5025808, 2, str_to_date('10/1/2010', '%d/%m/%Y'), NULL);
insert into PRESTAMO values (8016, 7829354, 5025808, 2, str_to_date('18/2/2010', '%d/%m/%Y'), NULL);
insert into PRESTAMO values (8028, 20937832, 5025820, 12, str_to_date('23/1/2004', '%d/%m/%Y'), str_to_date('26/1/2004', '%d/%m/%Y'));
insert into PRESTAMO values (8040, 7453920, 5025820, 12, str_to_date('6/12/2003', '%d/%m/%Y'), str_to_date('12/12/2003', '%d/%m/%Y'));
insert into PRESTAMO values (8052, 11932930, 5025820, 12, str_to_date('20/1/2011', '%d/%m/%Y'), NULL);
insert into PRESTAMO values (8064, 8000202, 5025820, 12, str_to_date('23/6/2010', '%d/%m/%Y'), NULL);
insert into PRESTAMO values (8076, 11929273, 5025820, 12, str_to_date('18/2/2011', '%d/%m/%Y'), NULL);
insert into PRESTAMO values (8088, 12939272, 256418, 7, str_to_date('11/6/2010', '%d/%m/%Y'), NULL);
insert into PRESTAMO values (8100, 7851489, 256418, 10, str_to_date('27/6/2003', '%d/%m/%Y'), str_to_date('6/7/2003', '%d/%m/%Y'));
insert into PRESTAMO values (8112, 25254178, 256418, 10, str_to_date('15/6/2010', '%d/%m/%Y'), NULL);





